artist,day,day_index,detail_link,stage,year
B-DASH,12/29,1,/wiki/B-DASH,EARTH STAGE,2003
ASIAN KUNG-FU GENERATION,12/29,1,/wiki/ASIAN_KUNG-FU_GENERATION,EARTH STAGE,2003
斉藤和義,12/29,1,/wiki/%E6%96%89%E8%97%A4%E5%92%8C%E7%BE%A9,EARTH STAGE,2003
一青窈,12/29,1,/wiki/%E4%B8%80%E9%9D%92%E7%AA%88,EARTH STAGE,2003
GRAPEVINE,12/29,1,/wiki/GRAPEVINE,EARTH STAGE,2003
奥田民生,12/29,1,/wiki/%E5%A5%A5%E7%94%B0%E6%B0%91%E7%94%9F,EARTH STAGE,2003
HY,12/29,1,/wiki/HY_(%E3%83%90%E3%83%B3%E3%83%89),EARTH STAGE,2003
LOST IN TIME,12/29,1,/wiki/LOST_IN_TIME,GALAXY STAGE,2003
MAMALAID RAG,12/29,1,/wiki/MAMALAID_RAG,GALAXY STAGE,2003
無戒秀徳アコースティック＆エレクトリック,12/29,1,/wiki/%E5%90%91%E4%BA%95%E7%A7%80%E5%BE%B3,GALAXY STAGE,2003
SOURCE,12/29,1,/wiki/SOURCE,GALAXY STAGE,2003
POTSHOT,12/29,1,/wiki/POTSHOT,GALAXY STAGE,2003
太陽族,12/29,1,/wiki/%E5%A4%AA%E9%99%BD%E6%97%8F_(%E3%83%90%E3%83%B3%E3%83%89),GALAXY STAGE,2003
10-FEET,12/29,1,/wiki/10-FEET,GALAXY STAGE,2003
スネオヘアー,12/29,1,/wiki/%E3%82%B9%E3%83%8D%E3%82%AA%E3%83%98%E3%82%A2%E3%83%BC,GALAXY STAGE,2003
HAWAIIAN6,12/30,2,/wiki/HAWAIIAN6,EARTH STAGE,2003
GOING UNDER GROUND,12/30,2,/wiki/GOING_UNDER_GROUND,EARTH STAGE,2003
ACO,12/30,2,/wiki/ACO,EARTH STAGE,2003
FIRE BALL,12/30,2,/wiki/FIRE_BALL_(%E3%83%AC%E3%82%B2%E3%82%A8%E3%82%B0%E3%83%AB%E3%83%BC%E3%83%97),EARTH STAGE,2003
ZAZEN BOYS,12/30,2,/wiki/ZAZEN_BOYS,EARTH STAGE,2003
BACK DROP BOMB,12/30,2,/wiki/BACK_DROP_BOMB,EARTH STAGE,2003
くるり,12/30,2,/wiki/%E3%81%8F%E3%82%8B%E3%82%8A,EARTH STAGE,2003
detroit7,12/30,2,/w/index.php?title=Detroit7&action=edit&redlink=1,GALAXY STAGE,2003
SPARTA LOCALS,12/30,2,/wiki/SPARTA_LOCALS,GALAXY STAGE,2003
日暮愛葉,12/30,2,/wiki/%E6%97%A5%E6%9A%AE%E6%84%9B%E8%91%89,GALAXY STAGE,2003
Syrup16g,12/30,2,/wiki/Syrup16g,GALAXY STAGE,2003
THE BACK HORN,12/30,2,/wiki/THE_BACK_HORN,GALAXY STAGE,2003
smorgas,12/30,2,/wiki/Smorgas,GALAXY STAGE,2003
POLYSICS,12/30,2,/wiki/POLYSICS,GALAXY STAGE,2003
山嵐,12/30,2,/wiki/%E5%B1%B1%E5%B5%90_(%E3%83%90%E3%83%B3%E3%83%89),GALAXY STAGE,2003
くるり,12/31,3,/wiki/%E3%81%8F%E3%82%8B%E3%82%8A,EARTH STAGE,2003
エレファントカシマシ,12/31,3,/wiki/%E3%82%A8%E3%83%AC%E3%83%95%E3%82%A1%E3%83%B3%E3%83%88%E3%82%AB%E3%82%B7%E3%83%9E%E3%82%B7,EARTH STAGE,2003
HUSKING BEE,12/31,3,/wiki/HUSKING_BEE,EARTH STAGE,2003
AIR,12/31,3,/wiki/%E8%BB%8A%E8%B0%B7%E6%B5%A9%E5%8F%B8,EARTH STAGE,2003
東京スカパラダイスオーケストラ,12/31,3,/wiki/%E6%9D%B1%E4%BA%AC%E3%82%B9%E3%82%AB%E3%83%91%E3%83%A9%E3%83%80%E3%82%A4%E3%82%B9%E3%82%AA%E3%83%BC%E3%82%B1%E3%82%B9%E3%83%88%E3%83%A9,EARTH STAGE,2003
忌野清志郎,12/31,3,/wiki/%E5%BF%8C%E9%87%8E%E6%B8%85%E5%BF%97%E9%83%8E,EARTH STAGE,2003
ACIDMAN,12/31,3,/wiki/ACIDMAN,EARTH STAGE,2003
氣志團,12/31,3,/wiki/%E6%B0%A3%E5%BF%97%E5%9C%98,EARTH STAGE,2003
レミオロメン,12/31,3,/wiki/%E3%83%AC%E3%83%9F%E3%82%AA%E3%83%AD%E3%83%A1%E3%83%B3,EARTH STAGE,2003
HEESEY WITH DUDES,12/31,3,/wiki/HEESEY_WITH_DUDES,GALAXY STAGE,2003
DMBQ,12/31,3,/wiki/DMBQ,GALAXY STAGE,2003
ART-SCHOOL,12/31,3,/wiki/ART-SCHOOL,GALAXY STAGE,2003
Polaris,12/31,3,/wiki/Polaris_(%E3%83%90%E3%83%B3%E3%83%89),GALAXY STAGE,2003
スケボーキング,12/31,3,/wiki/%E3%82%B9%E3%82%B1%E3%83%9C%E3%83%BC%E3%82%AD%E3%83%B3%E3%82%B0,GALAXY STAGE,2003
PENPALS,12/31,3,/wiki/PENPALS,GALAXY STAGE,2003
babamania,12/31,3,/wiki/Babamania,GALAXY STAGE,2003
堂島孝平×GO-GO KING RECORDERS,12/31,3,/wiki/%E5%A0%82%E5%B3%B6%E5%AD%9D%E5%B9%B3,GALAXY STAGE,2003
フラワーカンパニーズ,12/31,3,/wiki/%E3%83%95%E3%83%A9%E3%83%AF%E3%83%BC%E3%82%AB%E3%83%B3%E3%83%91%E3%83%8B%E3%83%BC%E3%82%BA,GALAXY STAGE,2003
曽我部恵一,12/31,3,/wiki/%E6%9B%BD%E6%88%91%E9%83%A8%E6%81%B5%E4%B8%80,GALAXY STAGE,2003
GOING UNDER GROUND,12/29,1,/wiki/GOING_UNDER_GROUND,EARTH STAGE,2004
斉藤和義,12/29,1,/wiki/%E6%96%89%E8%97%A4%E5%92%8C%E7%BE%A9,EARTH STAGE,2004
奥田民生,12/29,1,/wiki/%E5%A5%A5%E7%94%B0%E6%B0%91%E7%94%9F,EARTH STAGE,2004
TRICERATOPS,12/29,1,/wiki/TRICERATOPS,EARTH STAGE,2004
一青窈,12/29,1,/wiki/%E4%B8%80%E9%9D%92%E7%AA%88,EARTH STAGE,2004
175R,12/29,1,/wiki/175R,EARTH STAGE,2004
レミオロメン,12/29,1,/wiki/%E3%83%AC%E3%83%9F%E3%82%AA%E3%83%AD%E3%83%A1%E3%83%B3,EARTH STAGE,2004
10-FEET,12/29,1,/wiki/10-FEET,GALAXY STAGE,2004
Jackson vibe,12/29,1,/wiki/Jackson_vibe,GALAXY STAGE,2004
locofrank,12/29,1,/wiki/Locofrank,GALAXY STAGE,2004
THE MODS,12/29,1,/wiki/THE_MODS,GALAXY STAGE,2004
REVERSLOW,12/29,1,/wiki/REVERSLOW,GALAXY STAGE,2004
the band apart,12/29,1,/wiki/The_band_apart,GALAXY STAGE,2004
ストレイテナー,12/29,1,/wiki/%E3%82%B9%E3%83%88%E3%83%AC%E3%82%A4%E3%83%86%E3%83%8A%E3%83%BC,GALAXY STAGE,2004
ELLEGARDEN,12/29,1,/wiki/ELLEGARDEN,GALAXY STAGE,2004
矢野絢子,12/29,1,/wiki/%E7%9F%A2%E9%87%8E%E7%B5%A2%E5%AD%90,MOON STAGE,2004
東京60WATTS,12/29,1,/wiki/%E6%9D%B1%E4%BA%AC60WATTS,MOON STAGE,2004
セカイイチ,12/29,1,/wiki/%E3%82%BB%E3%82%AB%E3%82%A4%E3%82%A4%E3%83%81,MOON STAGE,2004
フラワーカンパニーズ,12/29,1,/wiki/%E3%83%95%E3%83%A9%E3%83%AF%E3%83%BC%E3%82%AB%E3%83%B3%E3%83%91%E3%83%8B%E3%83%BC%E3%82%BA,MOON STAGE,2004
detroit7,12/29,1,,MOON STAGE,2004
野狐禅,12/29,1,/wiki/%E9%87%8E%E7%8B%90%E7%A6%85_(%E3%83%95%E3%82%A9%E3%83%BC%E3%82%AF%E3%83%90%E3%83%B3%E3%83%89),MOON STAGE,2004
フジファブリック,12/29,1,/wiki/%E3%83%95%E3%82%B8%E3%83%95%E3%82%A1%E3%83%96%E3%83%AA%E3%83%83%E3%82%AF,MOON STAGE,2004
グレートマエカワ（フラワーカンパニーズ）,12/29,1,/wiki/%E3%83%95%E3%83%A9%E3%83%AF%E3%83%BC%E3%82%AB%E3%83%B3%E3%83%91%E3%83%8B%E3%83%BC%E3%82%BA,DJ BOOTH,2004
松本素生（GOING UNDER GROUND）,12/29,1,/wiki/GOING_UNDER_GROUND,DJ BOOTH,2004
ロケットマン(ふかわりょう),12/29,1,/wiki/%E3%83%AD%E3%82%B1%E3%83%83%E3%83%88%E3%83%9E%E3%83%B3,DJ BOOTH,2004
片平実(GETTING BETTER),12/29,1,,DJ BOOTH,2004
保坂壮彦(soultoday),12/29,1,,DJ BOOTH,2004
前田博章(puke!),12/29,1,,DJ BOOTH,2004
HUSKING BEE,12/30,2,/wiki/HUSKING_BEE,EARTH STAGE,2004
ZAZEN BOYS,12/30,2,/wiki/ZAZEN_BOYS,EARTH STAGE,2004
GRAPEVINE,12/30,2,/wiki/GRAPEVINE,EARTH STAGE,2004
エレファントカシマシ,12/30,2,/wiki/%E3%82%A8%E3%83%AC%E3%83%95%E3%82%A1%E3%83%B3%E3%83%88%E3%82%AB%E3%82%B7%E3%83%9E%E3%82%B7,EARTH STAGE,2004
ACIDMAN,12/30,2,/wiki/ACIDMAN,EARTH STAGE,2004
100s,12/30,2,/wiki/100s,EARTH STAGE,2004
くるり,12/30,2,/wiki/%E3%81%8F%E3%82%8B%E3%82%8A,EARTH STAGE,2004
The ピーズ,12/30,2,/wiki/The_%E3%83%94%E3%83%BC%E3%82%BA,GALAXY STAGE,2004
THE COLLECTORS,12/30,2,/wiki/%E3%82%B6%E3%83%BB%E3%82%B3%E3%83%AC%E3%82%AF%E3%82%BF%E3%83%BC%E3%82%BA,GALAXY STAGE,2004
Polaris,12/30,2,/wiki/Polaris_(%E3%83%90%E3%83%B3%E3%83%89),GALAXY STAGE,2004
MO'SOME TONEBENDER,12/30,2,/wiki/MO%27SOME_TONEBENDER,GALAXY STAGE,2004
スネオヘアー,12/30,2,/wiki/%E3%82%B9%E3%83%8D%E3%82%AA%E3%83%98%E3%82%A2%E3%83%BC,GALAXY STAGE,2004
eastern youth,12/30,2,/wiki/Eastern_youth,GALAXY STAGE,2004
麗蘭,12/30,2,/wiki/%E9%BA%97%E8%98%AD,GALAXY STAGE,2004
YO-KING,12/30,2,/wiki/YO-KING,GALAXY STAGE,2004
アナログフィッシュ,12/30,2,/wiki/%E3%82%A2%E3%83%8A%E3%83%AD%E3%82%B0%E3%83%95%E3%82%A3%E3%83%83%E3%82%B7%E3%83%A5,MOON STAGE,2004
bloodthirsty butchers,12/30,2,/wiki/Bloodthirsty_butchers,MOON STAGE,2004
NOTALIN'S(遠藤ミチロウ&石塚俊彦&坂本弘道),12/30,2,,MOON STAGE,2004
COMEBACK MY DAUGHTERS,12/30,2,/wiki/COMEBACK_MY_DAUGHTERS,MOON STAGE,2004
DOPING PANDA,12/30,2,/wiki/DOPING_PANDA,MOON STAGE,2004
マボロシ,12/30,2,/wiki/%E3%83%9E%E3%83%9C%E3%83%AD%E3%82%B7,MOON STAGE,2004
SOURCE,12/30,2,/wiki/SOURCE,MOON STAGE,2004
endive(from Dragon Ash),12/30,2,/wiki/Endive,DJ BOOTH,2004
古市コータロー&小里誠(THE COLLECTORS),12/30,2,/wiki/%E5%8F%A4%E5%B8%82%E3%82%B3%E3%83%BC%E3%82%BF%E3%83%AD%E3%83%BC,DJ BOOTH,2004
SUGIURUMN,12/30,2,/wiki/SUGIURUMN,DJ BOOTH,2004
片平実(GETTING BETTER),12/30,2,,DJ BOOTH,2004
保坂壮彦(soultoday),12/30,2,,DJ BOOTH,2004
前田博章(puke!),12/30,2,,DJ BOOTH,2004
くるり,12/31,3,/wiki/%E3%81%8F%E3%82%8B%E3%82%8A,EARTH STAGE,2004
佐野元春 and The Hobo King Band,12/31,3,/wiki/%E4%BD%90%E9%87%8E%E5%85%83%E6%98%A5,EARTH STAGE,2004
東京スカパラダイスオーケストラ,12/31,3,/wiki/%E6%9D%B1%E4%BA%AC%E3%82%B9%E3%82%AB%E3%83%91%E3%83%A9%E3%83%80%E3%82%A4%E3%82%B9%E3%82%AA%E3%83%BC%E3%82%B1%E3%82%B9%E3%83%88%E3%83%A9,EARTH STAGE,2004
THE MAD CAPSULE MARKETS,12/31,3,/wiki/THE_MAD_CAPSULE_MARKETS,EARTH STAGE,2004
忌野清志郎& NICE MIDDLEwith NEW BLUE DAY HORNS,12/31,3,/wiki/%E5%BF%8C%E9%87%8E%E6%B8%85%E5%BF%97%E9%83%8E,EARTH STAGE,2004
KREVA,12/31,3,/wiki/KREVA,EARTH STAGE,2004
B-DASH,12/31,3,/wiki/B-DASH,EARTH STAGE,2004
BACK DROP BOMB,12/31,3,/wiki/BACK_DROP_BOMB,EARTH STAGE,2004
RHYMESTER,12/31,3,/wiki/RHYMESTER,EARTH STAGE,2004
POLYSICS,12/31,3,/wiki/POLYSICS,GALAXY STAGE,2004
MCU & 浜崎貴司,12/31,3,/wiki/MCU,GALAXY STAGE,2004
Salyu,12/31,3,/wiki/Salyu,GALAXY STAGE,2004
LOST IN TIME,12/31,3,/wiki/LOST_IN_TIME,GALAXY STAGE,2004
THE BACK HORN,12/31,3,/wiki/THE_BACK_HORN,GALAXY STAGE,2004
サンボマスター,12/31,3,/wiki/%E3%82%B5%E3%83%B3%E3%83%9C%E3%83%9E%E3%82%B9%E3%82%BF%E3%83%BC,GALAXY STAGE,2004
グループ魂,12/31,3,/wiki/%E3%82%B0%E3%83%AB%E3%83%BC%E3%83%97%E9%AD%82,GALAXY STAGE,2004
ART-SCHOOL,12/31,3,/wiki/ART-SCHOOL,GALAXY STAGE,2004
Syrup16g,12/31,3,/wiki/Syrup16g,GALAXY STAGE,2004
曽我部恵一,12/31,3,/wiki/%E6%9B%BD%E6%88%91%E9%83%A8%E6%81%B5%E4%B8%80,GALAXY STAGE,2004
勝手にしやがれ,12/31,3,/wiki/%E5%8B%9D%E6%89%8B%E3%81%AB%E3%81%97%E3%82%84%E3%81%8C%E3%82%8C_(%E3%82%B8%E3%83%A3%E3%82%BA%E3%83%90%E3%83%B3%E3%83%89),MOON STAGE,2004
つばき,12/31,3,/wiki/%E3%81%A4%E3%81%B0%E3%81%8D,MOON STAGE,2004
Ces Chiens(早川義夫・佐久間正英),12/31,3,/wiki/%E6%97%A9%E5%B7%9D%E7%BE%A9%E5%A4%AB,MOON STAGE,2004
つじあやの,12/31,3,/wiki/%E3%81%A4%E3%81%98%E3%81%82%E3%82%84%E3%81%AE,MOON STAGE,2004
SPARTA LOCALS,12/31,3,/wiki/SPARTA_LOCALS,MOON STAGE,2004
BEAT CRUSADERS,12/31,3,/wiki/BEAT_CRUSADERS,MOON STAGE,2004
椿屋四重奏,12/31,3,/wiki/%E6%A4%BF%E5%B1%8B%E5%9B%9B%E9%87%8D%E5%A5%8F,MOON STAGE,2004
ランクヘッド,12/31,3,/wiki/%E3%83%A9%E3%83%B3%E3%82%AF%E3%83%98%E3%83%83%E3%83%89,MOON STAGE,2004
THC!!,12/31,3,/wiki/THC!!,MOON STAGE,2004
BAZRA,12/31,3,/wiki/BAZRA,MOON STAGE,2004
曽我部恵一,12/31,3,/wiki/%E6%9B%BD%E6%88%91%E9%83%A8%E6%81%B5%E4%B8%80,DJ BOOTH,2004
JUN,12/31,3,/wiki/JUN,DJ BOOTH,2004
ハヤシヒロユキ(POLYSICS),12/31,3,/wiki/%E3%83%8F%E3%83%A4%E3%82%B7%E3%83%92%E3%83%AD%E3%83%A6%E3%82%AD,DJ BOOTH,2004
RAM RIDER,12/31,3,/wiki/RAM_RIDER,DJ BOOTH,2004
片平実(GETTING BETTER),12/31,3,,DJ BOOTH,2004
保坂壮彦(soultoday),12/31,3,,DJ BOOTH,2004
前田博章(puke!),12/31,3,,DJ BOOTH,2004
ORANGE RANGE,12/29,1,/wiki/ORANGE_RANGE,EARTH STAGE,2005
GOING UNDER GROUND,12/29,1,/wiki/GOING_UNDER_GROUND,EARTH STAGE,2005
ACIDMAN,12/29,1,/wiki/ACIDMAN,EARTH STAGE,2005
奥田民生,12/29,1,/wiki/%E5%A5%A5%E7%94%B0%E6%B0%91%E7%94%9F,EARTH STAGE,2005
ELLEGARDEN,12/29,1,/wiki/ELLEGARDEN,EARTH STAGE,2005
Ken Yokoyama,12/29,1,/wiki/Ken_Yokoyama,EARTH STAGE,2005
東京スカパラダイスオーケストラ,12/29,1,/wiki/%E6%9D%B1%E4%BA%AC%E3%82%B9%E3%82%AB%E3%83%91%E3%83%A9%E3%83%80%E3%82%A4%E3%82%B9%E3%82%AA%E3%83%BC%E3%82%B1%E3%82%B9%E3%83%88%E3%83%A9,EARTH STAGE,2005
syrup16g,12/29,1,/wiki/Syrup16g,GALAXY STAGE,2005
フジファブリック,12/29,1,/wiki/%E3%83%95%E3%82%B8%E3%83%95%E3%82%A1%E3%83%96%E3%83%AA%E3%83%83%E3%82%AF,GALAXY STAGE,2005
B-DASH,12/29,1,/wiki/B-DASH,GALAXY STAGE,2005
BENNIE K,12/29,1,/wiki/BENNIE_K,GALAXY STAGE,2005
the band apart,12/29,1,/wiki/The_band_apart,GALAXY STAGE,2005
THE BACK HORN,12/29,1,/wiki/THE_BACK_HORN,GALAXY STAGE,2005
木村カエラ,12/29,1,/wiki/%E6%9C%A8%E6%9D%91%E3%82%AB%E3%82%A8%E3%83%A9,GALAXY STAGE,2005
ストレイテナー,12/29,1,/wiki/%E3%82%B9%E3%83%88%E3%83%AC%E3%82%A4%E3%83%86%E3%83%8A%E3%83%BC,GALAXY STAGE,2005
チャットモンチー,12/29,1,/wiki/%E3%83%81%E3%83%A3%E3%83%83%E3%83%88%E3%83%A2%E3%83%B3%E3%83%81%E3%83%BC,MOON STAGE,2005
スパルタローカルズ,12/29,1,/wiki/%E3%82%B9%E3%83%91%E3%83%AB%E3%82%BF%E3%83%AD%E3%83%BC%E3%82%AB%E3%83%AB%E3%82%BA,MOON STAGE,2005
The ピーズ,12/29,1,/wiki/The_%E3%83%94%E3%83%BC%E3%82%BA,MOON STAGE,2005
つばき,12/29,1,/wiki/%E3%81%A4%E3%81%B0%E3%81%8D,MOON STAGE,2005
アナログフィッシュ,12/29,1,/wiki/%E3%82%A2%E3%83%8A%E3%83%AD%E3%82%B0%E3%83%95%E3%82%A3%E3%83%83%E3%82%B7%E3%83%A5,MOON STAGE,2005
セカイイチ,12/29,1,/wiki/%E3%82%BB%E3%82%AB%E3%82%A4%E3%82%A4%E3%83%81,MOON STAGE,2005
The Miceteeth,12/29,1,/wiki/The_Miceteeth,MOON STAGE,2005
Caravan,12/29,1,/wiki/Caravan,MOON STAGE,2005
RAM RIDER,12/29,1,/wiki/RAM_RIDER,DJ BOOTH,2005
ロケットマン,12/29,1,/wiki/%E3%83%AD%E3%82%B1%E3%83%83%E3%83%88%E3%83%9E%E3%83%B3,DJ BOOTH,2005
endive(from Dragon Ash),12/29,1,/wiki/Endive,DJ BOOTH,2005
サンボマスター,12/30,2,/wiki/%E3%82%B5%E3%83%B3%E3%83%9C%E3%83%9E%E3%82%B9%E3%82%BF%E3%83%BC,EARTH STAGE,2005
RHYMESTER,12/30,2,/wiki/RHYMESTER,EARTH STAGE,2005
BACK DROP BOMB,12/30,2,/wiki/BACK_DROP_BOMB,EARTH STAGE,2005
グループ魂,12/30,2,/wiki/%E3%82%B0%E3%83%AB%E3%83%BC%E3%83%97%E9%AD%82,EARTH STAGE,2005
GRAPEVINE,12/30,2,/wiki/GRAPEVINE,EARTH STAGE,2005
ZAZEN BOYS,12/30,2,/wiki/ZAZEN_BOYS,EARTH STAGE,2005
ASIAN KUNG-FU GENERATION,12/30,2,/wiki/ASIAN_KUNG-FU_GENERATION,EARTH STAGE,2005
POLYSICS,12/30,2,/wiki/POLYSICS,GALAXY STAGE,2005
eastern youth,12/30,2,/wiki/Eastern_youth,GALAXY STAGE,2005
曽我部恵一バンド,12/30,2,/wiki/%E6%9B%BD%E6%88%91%E9%83%A8%E6%81%B5%E4%B8%80,GALAXY STAGE,2005
スネオヘアー,12/30,2,/wiki/%E3%82%B9%E3%83%8D%E3%82%AA%E3%83%98%E3%82%A2%E3%83%BC,GALAXY STAGE,2005
椿屋四重奏,12/30,2,/wiki/%E6%A4%BF%E5%B1%8B%E5%9B%9B%E9%87%8D%E5%A5%8F,GALAXY STAGE,2005
MASTER LOW,12/30,2,/wiki/MASTER_LOW,GALAXY STAGE,2005
キリンジ,12/30,2,/wiki/%E3%82%AD%E3%83%AA%E3%83%B3%E3%82%B8,GALAXY STAGE,2005
PENPALS,12/30,2,/wiki/PENPALS,GALAXY STAGE,2005
the ARROWS,12/30,2,/wiki/The_ARROWS,MOON STAGE,2005
VOLA & THE ORIENTAL MACHINE,12/30,2,/wiki/VOLA_%26_THE_ORIENTAL_MACHINE,MOON STAGE,2005
detroit7,12/30,2,,MOON STAGE,2005
マキシマム ザ ホルモン,12/30,2,/wiki/%E3%83%9E%E3%82%AD%E3%82%B7%E3%83%9E%E3%83%A0_%E3%82%B6_%E3%83%9B%E3%83%AB%E3%83%A2%E3%83%B3,MOON STAGE,2005
CORNER,12/30,2,,MOON STAGE,2005
HIFANA,12/30,2,/wiki/HIFANA,MOON STAGE,2005
The かまどうま/エレクトリック・カマドウマ,12/30,2,,MOON STAGE,2005
MO'SOME TONEBENDER,12/30,2,/wiki/MO%27SOME_TONEBENDER,MOON STAGE,2005
TAICHI MASTER,12/30,2,/wiki/TAICHI_MASTER,DJ BOOTH,2005
ハヤシヒロユキ(POLYSICS),12/30,2,/wiki/%E3%83%8F%E3%83%A4%E3%82%B7%E3%83%92%E3%83%AD%E3%83%A6%E3%82%AD,DJ BOOTH,2005
TEAM 紅卍(松尾スズキ・河井克夫),12/30,2,,DJ BOOTH,2005
真心ブラザーズ4人バンドVersion,12/31,3,/wiki/%E7%9C%9F%E5%BF%83%E3%83%96%E3%83%A9%E3%82%B6%E3%83%BC%E3%82%BA,EARTH STAGE,2005
エレファントカシマシ,12/31,3,/wiki/%E3%82%A8%E3%83%AC%E3%83%95%E3%82%A1%E3%83%B3%E3%83%88%E3%82%AB%E3%82%B7%E3%83%9E%E3%82%B7,EARTH STAGE,2005
TERIYAKI BOYZ,12/31,3,/wiki/TERIYAKI_BOYZ,EARTH STAGE,2005
BRAHMAN,12/31,3,/wiki/BRAHMAN,EARTH STAGE,2005
くるり,12/31,3,/wiki/%E3%81%8F%E3%82%8B%E3%82%8A,EARTH STAGE,2005
忌野清志郎&NICE MIDDLEwith NEW BLUE DAY HORNS,12/31,3,/wiki/%E5%BF%8C%E9%87%8E%E6%B8%85%E5%BF%97%E9%83%8E,EARTH STAGE,2005
KREVA,12/31,3,/wiki/KREVA,EARTH STAGE,2005
BEAT CRUSADERS,12/31,3,/wiki/BEAT_CRUSADERS,EARTH STAGE,2005
レミオロメン,12/31,3,/wiki/%E3%83%AC%E3%83%9F%E3%82%AA%E3%83%AD%E3%83%A1%E3%83%B3,EARTH STAGE,2005
AIR,12/31,3,/wiki/AIR,GALAXY STAGE,2005
Salyu,12/31,3,/wiki/Salyu,GALAXY STAGE,2005
麗蘭,12/31,3,/wiki/%E9%BA%97%E8%98%AD,GALAXY STAGE,2005
ART-SCHOOL,12/31,3,/wiki/ART-SCHOOL,GALAXY STAGE,2005
PUFFY,12/31,3,/wiki/PUFFY,GALAXY STAGE,2005
10-FEET,12/31,3,/wiki/10-FEET,GALAXY STAGE,2005
locofrank,12/31,3,/wiki/Locofrank,GALAXY STAGE,2005
LOST IN TIME,12/31,3,/wiki/LOST_IN_TIME,GALAXY STAGE,2005
Jackson vibe,12/31,3,/wiki/Jackson_vibe,GALAXY STAGE,2005
DOPING PANDA,12/31,3,/wiki/DOPING_PANDA,GALAXY STAGE,2005
RADWIMPS,12/31,3,/wiki/RADWIMPS,MOON STAGE,2005
少年ナイフ,12/31,3,/wiki/%E5%B0%91%E5%B9%B4%E3%83%8A%E3%82%A4%E3%83%95,MOON STAGE,2005
音速ライン,12/31,3,/wiki/%E9%9F%B3%E9%80%9F%E3%83%A9%E3%82%A4%E3%83%B3,MOON STAGE,2005
No Regret Life,12/31,3,/wiki/No_Regret_Life,MOON STAGE,2005
ランクヘッド,12/31,3,/wiki/%E3%83%A9%E3%83%B3%E3%82%AF%E3%83%98%E3%83%83%E3%83%89,MOON STAGE,2005
bonobos,12/31,3,/wiki/Bonobos,MOON STAGE,2005
RYUKYUDISKO,12/31,3,/wiki/RYUKYUDISKO,MOON STAGE,2005
髭（HiGE）,12/31,3,/wiki/HiGE,MOON STAGE,2005
tobaccojuice,12/31,3,/wiki/Tobaccojuice,MOON STAGE,2005
YOUR SONG IS GOOD,12/31,3,/wiki/YOUR_SONG_IS_GOOD,MOON STAGE,2005
HALFBY,12/31,3,/wiki/HALFBY,DJ BOOTH,2005
ダイノジ,12/31,3,/wiki/%E3%83%80%E3%82%A4%E3%83%8E%E3%82%B8,DJ BOOTH,2005
PUFFY,12/29,1,/wiki/PUFFY,AURORA STAGE,2006
LOST IN TIME,12/29,1,/wiki/LOST_IN_TIME,AURORA STAGE,2006
YO-KING,12/29,1,/wiki/YO-KING,AURORA STAGE,2006
MO'SOME TONEBENDER,12/29,1,/wiki/MO%27SOME_TONEBENDER,AURORA STAGE,2006
100s,12/29,1,/wiki/100s,AURORA STAGE,2006
KEN YOKOYAMA,12/29,1,/wiki/KEN_YOKOYAMA,AURORA STAGE,2006
ELLEGARDEN,12/29,1,/wiki/ELLEGARDEN,AURORA STAGE,2006
斉藤和義,12/29,1,/wiki/%E6%96%89%E8%97%A4%E5%92%8C%E7%BE%A9,AURORA STAGE,2006
髭（HiGE）,12/29,1,/wiki/%E9%AB%AD%EF%BC%88HiGE%EF%BC%89,PLANET STAGE,2006
YOUR SONG IS GOOD,12/29,1,/wiki/YOUR_SONG_IS_GOOD,PLANET STAGE,2006
"SOIL&""PIMP""SESSIONS",12/29,1,/wiki/SOIL%26%22PIMP%22SESSIONS,PLANET STAGE,2006
YUI,12/29,1,/wiki/YUI_(%E6%AD%8C%E6%89%8B),PLANET STAGE,2006
BOOM BOOM SATELLITES,12/29,1,/wiki/BOOM_BOOM_SATELLITES,PLANET STAGE,2006
木村カエラ,12/29,1,/wiki/%E6%9C%A8%E6%9D%91%E3%82%AB%E3%82%A8%E3%83%A9,PLANET STAGE,2006
電気グルーヴ,12/29,1,/wiki/%E9%9B%BB%E6%B0%97%E3%82%B0%E3%83%AB%E3%83%BC%E3%83%B4,PLANET STAGE,2006
DOPING PANDA,12/29,1,/wiki/DOPING_PANDA,PLANET STAGE,2006
小野眞一（100s）,12/29,1,/wiki/100s,DJ BOOTH,2006
RAM RIDER,12/29,1,/wiki/RAM_RIDER,DJ BOOTH,2006
中塚武,12/29,1,/wiki/%E4%B8%AD%E5%A1%9A%E6%AD%A6,DJ BOOTH,2006
THE BACK HORN,12/30,2,/wiki/THE_BACK_HORN,AURORA STAGE,2006
ULTRA BRAiN,12/30,2,/wiki/ULTRA_BRAiN,AURORA STAGE,2006
フルカワミキ,12/30,2,/wiki/%E3%83%95%E3%83%AB%E3%82%AB%E3%83%AF%E3%83%9F%E3%82%AD,AURORA STAGE,2006
フジファブリック,12/30,2,/wiki/%E3%83%95%E3%82%B8%E3%83%95%E3%82%A1%E3%83%96%E3%83%AA%E3%83%83%E3%82%AF,AURORA STAGE,2006
BEAT CRUSADERS,12/30,2,/wiki/BEAT_CRUSADERS,AURORA STAGE,2006
チャットモンチー,12/30,2,/wiki/%E3%83%81%E3%83%A3%E3%83%83%E3%83%88%E3%83%A2%E3%83%B3%E3%83%81%E3%83%BC,AURORA STAGE,2006
ザ・クロマニヨンズ,12/30,2,/wiki/%E3%82%B6%E3%83%BB%E3%82%AF%E3%83%AD%E3%83%9E%E3%83%8B%E3%83%A8%E3%83%B3%E3%82%BA,AURORA STAGE,2006
くるり,12/30,2,/wiki/%E3%81%8F%E3%82%8B%E3%82%8A,AURORA STAGE,2006
Salyu,12/30,2,/wiki/Salyu,PLANET STAGE,2006
キャプテンストライダム,12/30,2,/wiki/%E3%82%AD%E3%83%A3%E3%83%97%E3%83%86%E3%83%B3%E3%82%B9%E3%83%88%E3%83%A9%E3%82%A4%E3%83%80%E3%83%A0,PLANET STAGE,2006
OVERGROUND ACOUSTIC UNDERGROUND,12/30,2,/wiki/OVERGROUND_ACOUSTIC_UNDERGROUND,PLANET STAGE,2006
BENNIE K,12/30,2,/wiki/BENNIE_K,PLANET STAGE,2006
KREVA,12/30,2,/wiki/KREVA,PLANET STAGE,2006
マキシマム ザ ホルモン,12/30,2,/wiki/%E3%83%9E%E3%82%AD%E3%82%B7%E3%83%9E%E3%83%A0_%E3%82%B6_%E3%83%9B%E3%83%AB%E3%83%A2%E3%83%B3,PLANET STAGE,2006
ACIDMAN,12/30,2,/wiki/ACIDMAN,PLANET STAGE,2006
吉井和哉,12/30,2,/wiki/%E5%90%89%E4%BA%95%E5%92%8C%E5%93%89,PLANET STAGE,2006
TAICHI MASTER,12/30,2,/wiki/TAICHI_MASTER,DJ BOOTH,2006
曽我部恵一,12/30,2,/wiki/%E6%9B%BD%E6%88%91%E9%83%A8%E6%81%B5%E4%B8%80,DJ BOOTH,2006
オレスカバンド,12/31,3,/wiki/%E3%82%AA%E3%83%AC%E3%82%B9%E3%82%AB%E3%83%90%E3%83%B3%E3%83%89,AURORA STAGE,2006
ホフディラン,12/31,3,/wiki/%E3%83%9B%E3%83%95%E3%83%87%E3%82%A3%E3%83%A9%E3%83%B3,AURORA STAGE,2006
ART-SCHOOL,12/31,3,/wiki/ART-SCHOOL,AURORA STAGE,2006
ジン,12/31,3,/wiki/%E3%82%B8%E3%83%B3_(%E3%83%90%E3%83%B3%E3%83%89),AURORA STAGE,2006
曽我部恵一BAND,12/31,3,/wiki/%E6%9B%BD%E6%88%91%E9%83%A8%E6%81%B5%E4%B8%80,AURORA STAGE,2006
エレファントカシマシ,12/31,3,/wiki/%E3%82%A8%E3%83%AC%E3%83%95%E3%82%A1%E3%83%B3%E3%83%88%E3%82%AB%E3%82%B7%E3%83%9E%E3%82%B7,AURORA STAGE,2006
東京事変,12/31,3,/wiki/%E6%9D%B1%E4%BA%AC%E4%BA%8B%E5%A4%89,AURORA STAGE,2006
locofrank,12/31,3,/wiki/Locofrank,AURORA STAGE,2006
GRAPEVINE,12/31,3,/wiki/GRAPEVINE,AURORA STAGE,2006
レミオロメン,12/31,3,/wiki/%E3%83%AC%E3%83%9F%E3%82%AA%E3%83%AD%E3%83%A1%E3%83%B3,AURORA STAGE,2006
POLYSICS,12/31,3,/wiki/POLYSICS,PLANET STAGE,2006
ZAZEN BOYS,12/31,3,/wiki/ZAZEN_BOYS,PLANET STAGE,2006
シュノーケル,12/31,3,/wiki/%E3%82%B7%E3%83%A5%E3%83%8E%E3%83%BC%E3%82%B1%E3%83%AB_(%E3%83%90%E3%83%B3%E3%83%89),PLANET STAGE,2006
音速ライン,12/31,3,/wiki/%E9%9F%B3%E9%80%9F%E3%83%A9%E3%82%A4%E3%83%B3,PLANET STAGE,2006
Base Ball Bear,12/31,3,/wiki/Base_Ball_Bear,PLANET STAGE,2006
bonobos,12/31,3,/wiki/Bonobos,PLANET STAGE,2006
10-FEET,12/31,3,/wiki/10-FEET,PLANET STAGE,2006
GO!GO!7188,12/31,3,/wiki/GO!GO!7188,PLANET STAGE,2006
佐野元春,12/31,3,/wiki/%E4%BD%90%E9%87%8E%E5%85%83%E6%98%A5,PLANET STAGE,2006
東京スカパラダイスオーケストラ,12/31,3,/wiki/%E6%9D%B1%E4%BA%AC%E3%82%B9%E3%82%AB%E3%83%91%E3%83%A9%E3%83%80%E3%82%A4%E3%82%B9%E3%82%AA%E3%83%BC%E3%82%B1%E3%82%B9%E3%83%88%E3%83%A9,PLANET STAGE,2006
ハヤシヒロユキ（POLYSICS）,12/31,3,/wiki/POLYSICS,DJ BOOTH,2006
Handsomeboy Technique,12/31,3,,DJ BOOTH,2006
HALFBY,12/31,3,/wiki/HALFBY,DJ BOOTH,2006
レミオロメン,12/29,1,/wiki/%E3%83%AC%E3%83%9F%E3%82%AA%E3%83%AD%E3%83%A1%E3%83%B3,AURORA STAGE,2007
POLYSICS,12/29,1,/wiki/POLYSICS,AURORA STAGE,2007
斉藤和義,12/29,1,/wiki/%E6%96%89%E8%97%A4%E5%92%8C%E7%BE%A9,AURORA STAGE,2007
GRAPEVINE,12/29,1,/wiki/GRAPEVINE,AURORA STAGE,2007
YO-KING,12/29,1,/wiki/YO-KING,AURORA STAGE,2007
奥田民生,12/29,1,/wiki/%E5%A5%A5%E7%94%B0%E6%B0%91%E7%94%9F,AURORA STAGE,2007
ストレイテナー,12/29,1,/wiki/%E3%82%B9%E3%83%88%E3%83%AC%E3%82%A4%E3%83%86%E3%83%8A%E3%83%BC,AURORA STAGE,2007
BEAT CRUSADERS,12/29,1,/wiki/BEAT_CRUSADERS,AURORA STAGE,2007
SPECIAL OTHERS,12/29,1,/wiki/SPECIAL_OTHERS,PLANET STAGE,2007
SEAMO,12/29,1,/wiki/SEAMO,PLANET STAGE,2007
ZAZEN BOYS,12/29,1,/wiki/ZAZEN_BOYS,PLANET STAGE,2007
ザ50回転ズ,12/29,1,/wiki/%E3%82%B650%E5%9B%9E%E8%BB%A2%E3%82%BA,PLANET STAGE,2007
LOW IQ 01 & MASTER LOW,12/29,1,/wiki/LOW_IQ_01,PLANET STAGE,2007
dustbox,12/29,1,/wiki/Dustbox,PLANET STAGE,2007
YOUR SONG IS GOOD,12/29,1,/wiki/YOUR_SONG_IS_GOOD,PLANET STAGE,2007
フジファブリック,12/29,1,/wiki/%E3%83%95%E3%82%B8%E3%83%95%E3%82%A1%E3%83%96%E3%83%AA%E3%83%83%E3%82%AF,PLANET STAGE,2007
やついいちろう（エレキコミック）,12/29,1,/wiki/%E3%82%84%E3%81%A4%E3%81%84%E3%81%84%E3%81%A1%E3%82%8D%E3%81%86,DJ BOOTH,2007
Perfume,12/29,1,/wiki/Perfume,DJ BOOTH,2007
中田ヤスタカ(capsule),12/29,1,/wiki/%E4%B8%AD%E7%94%B0%E3%83%A4%E3%82%B9%E3%82%BF%E3%82%AB,DJ BOOTH,2007
木村カエラ,12/30,2,/wiki/%E6%9C%A8%E6%9D%91%E3%82%AB%E3%82%A8%E3%83%A9,AURORA STAGE,2007
MO'SOME TONEBENDER,12/30,2,/wiki/MO%27SOME_TONEBENDER,AURORA STAGE,2007
ACIDMAN,12/30,2,/wiki/ACIDMAN,AURORA STAGE,2007
髭（HiGE）,12/30,2,/wiki/HiGE,AURORA STAGE,2007
サンボマスター,12/30,2,/wiki/%E3%82%B5%E3%83%B3%E3%83%9C%E3%83%9E%E3%82%B9%E3%82%BF%E3%83%BC,AURORA STAGE,2007
GOING UNDER GROUND,12/30,2,/wiki/GOING_UNDER_GROUND,AURORA STAGE,2007
KREVA,12/30,2,/wiki/KREVA,AURORA STAGE,2007
ELLEGARDEN,12/30,2,/wiki/ELLEGARDEN,AURORA STAGE,2007
"SOIL&""PIMP""SESSIONS",12/30,2,/wiki/SOIL%26%22PIMP%22SESSIONS,PLANET STAGE,2007
monobright,12/30,2,/wiki/Monobright,PLANET STAGE,2007
藍坊主,12/30,2,/wiki/%E8%97%8D%E5%9D%8A%E4%B8%BB,PLANET STAGE,2007
ASPARAGUS,12/30,2,/wiki/ASPARAGUS,PLANET STAGE,2007
RYUKYUDISKO,12/30,2,/wiki/RYUKYUDISKO,PLANET STAGE,2007
THE CORNELIUS GROUP,12/30,2,/wiki/%E5%B0%8F%E5%B1%B1%E7%94%B0%E5%9C%AD%E5%90%BE,PLANET STAGE,2007
Cocco,12/30,2,/wiki/Cocco,PLANET STAGE,2007
DOPING PANDA,12/30,2,/wiki/DOPING_PANDA,PLANET STAGE,2007
HALFBY,12/30,2,/wiki/HALFBY,DJ BOOTH,2007
HANDSOMEBOY TECHNIQUE,12/30,2,,DJ BOOTH,2007
COLLETTE,12/30,2,,DJ BOOTH,2007
ダイノジ,12/30,2,/wiki/%E3%83%80%E3%82%A4%E3%83%8E%E3%82%B8,DJ BOOTH,2007
RAM RIDER,12/30,2,/wiki/RAM_RIDER,DJ BOOTH,2007
Base Ball Bear,12/31,3,/wiki/Base_Ball_Bear,AURORA STAGE,2007
TRICERATOPS,12/31,3,/wiki/TRICERATOPS,AURORA STAGE,2007
チャットモンチー,12/31,3,/wiki/%E3%83%81%E3%83%A3%E3%83%83%E3%83%88%E3%83%A2%E3%83%B3%E3%83%81%E3%83%BC,AURORA STAGE,2007
YUI,12/31,3,/wiki/YUI_(%E6%AD%8C%E6%89%8B),AURORA STAGE,2007
ASIAN KUNG-FU GENERATION,12/31,3,/wiki/ASIAN_KUNG-FU_GENERATION,AURORA STAGE,2007
OVERGROUND ACOUSTIC UNDERGROUND,12/31,3,/wiki/OVERGROUND_ACOUSTIC_UNDERGROUND,AURORA STAGE,2007
エレファントカシマシ,12/31,3,/wiki/%E3%82%A8%E3%83%AC%E3%83%95%E3%82%A1%E3%83%B3%E3%83%88%E3%82%AB%E3%82%B7%E3%83%9E%E3%82%B7,AURORA STAGE,2007
佐野元春,12/31,3,/wiki/%E4%BD%90%E9%87%8E%E5%85%83%E6%98%A5,AURORA STAGE,2007
GO!GO!7188,12/31,3,/wiki/GO!GO!7188,AURORA STAGE,2007
10-FEET,12/31,3,/wiki/10-FEET,AURORA STAGE,2007
locofrank,12/31,3,/wiki/Locofrank,PLANET STAGE,2007
RIZE,12/31,3,/wiki/RIZE,PLANET STAGE,2007
9mm Parabellum Bullet,12/31,3,/wiki/9mm_Parabellum_Bullet,PLANET STAGE,2007
THE BACK HORN,12/31,3,/wiki/THE_BACK_HORN,PLANET STAGE,2007
m-flo,12/31,3,/wiki/M-flo,PLANET STAGE,2007
椿屋四重奏,12/31,3,/wiki/%E6%A4%BF%E5%B1%8B%E5%9B%9B%E9%87%8D%E5%A5%8F,PLANET STAGE,2007
音速ライン,12/31,3,/wiki/%E9%9F%B3%E9%80%9F%E3%83%A9%E3%82%A4%E3%83%B3,PLANET STAGE,2007
Salyu,12/31,3,/wiki/Salyu,PLANET STAGE,2007
BOOM BOOM SATELLITES,12/31,3,/wiki/BOOM_BOOM_SATELLITES,PLANET STAGE,2007
くるり,12/31,3,/wiki/%E3%81%8F%E3%82%8B%E3%82%8A,PLANET STAGE,2007
TAICHI MASTER,12/31,3,/wiki/TAICHI_MASTER,DJ BOOTH,2007
i-dep,12/31,3,/wiki/I-dep,DJ BOOTH,2007
中塚武,12/31,3,/wiki/%E4%B8%AD%E5%A1%9A%E6%AD%A6,DJ BOOTH,2007
くるり,12/29,1,/wiki/%E3%81%8F%E3%82%8B%E3%82%8A,AURORA STAGE,2008
フジファブリック,12/29,1,/wiki/%E3%83%95%E3%82%B8%E3%83%95%E3%82%A1%E3%83%96%E3%83%AA%E3%83%83%E3%82%AF,AURORA STAGE,2008
ストレイテナー,12/29,1,/wiki/%E3%82%B9%E3%83%88%E3%83%AC%E3%82%A4%E3%83%86%E3%83%8A%E3%83%BC,AURORA STAGE,2008
ZAZEN BOYS,12/29,1,/wiki/ZAZEN_BOYS,AURORA STAGE,2008
電気グルーヴ,12/29,1,/wiki/%E9%9B%BB%E6%B0%97%E3%82%B0%E3%83%AB%E3%83%BC%E3%83%B4,AURORA STAGE,2008
奥田民生,12/29,1,/wiki/%E5%A5%A5%E7%94%B0%E6%B0%91%E7%94%9F,AURORA STAGE,2008
SEAMO,12/29,1,/wiki/SEAMO,AURORA STAGE,2008
チャットモンチー,12/29,1,/wiki/%E3%83%81%E3%83%A3%E3%83%83%E3%83%88%E3%83%A2%E3%83%B3%E3%83%81%E3%83%BC,AURORA STAGE,2008
Perfume,12/29,1,/wiki/Perfume,PLANET STAGE,2008
POLYSICS,12/29,1,/wiki/POLYSICS,PLANET STAGE,2008
曽我部恵一BAND,12/29,1,/wiki/%E6%9B%BD%E6%88%91%E9%83%A8%E6%81%B5%E4%B8%80,PLANET STAGE,2008
真心ブラザーズ,12/29,1,/wiki/%E7%9C%9F%E5%BF%83%E3%83%96%E3%83%A9%E3%82%B6%E3%83%BC%E3%82%BA,PLANET STAGE,2008
PUFFY,12/29,1,/wiki/PUFFY,PLANET STAGE,2008
RIZE,12/29,1,/wiki/RIZE,PLANET STAGE,2008
the band apart,12/29,1,/wiki/The_band_apart,PLANET STAGE,2008
Ken Yokoyama,12/29,1,/wiki/Ken_Yokoyama,PLANET STAGE,2008
HY,12/29,1,/wiki/HY_(%E3%83%90%E3%83%B3%E3%83%89),PLANET STAGE,2008
ハヤシヒロユキ（POLYSICS）,12/29,1,/wiki/%E3%83%8F%E3%83%A4%E3%82%B7%E3%83%92%E3%83%AD%E3%83%A6%E3%82%AD,DJ BOOTH,2008
曽我部恵一BAND,12/29,1,/wiki/%E6%9B%BD%E6%88%91%E9%83%A8%E6%81%B5%E4%B8%80,DJ BOOTH,2008
ダイノジ,12/29,1,/wiki/%E3%83%80%E3%82%A4%E3%83%8E%E3%82%B8,DJ BOOTH,2008
グループ魂,12/30,2,/wiki/%E3%82%B0%E3%83%AB%E3%83%BC%E3%83%97%E9%AD%82,AURORA STAGE,2008
ASPARAGUS,12/30,2,/wiki/ASPARAGUS,AURORA STAGE,2008
東京スカパラダイスオーケストラ,12/30,2,/wiki/%E6%9D%B1%E4%BA%AC%E3%82%B9%E3%82%AB%E3%83%91%E3%83%A9%E3%83%80%E3%82%A4%E3%82%B9%E3%82%AA%E3%83%BC%E3%82%B1%E3%82%B9%E3%83%88%E3%83%A9,AURORA STAGE,2008
100s,12/30,2,/wiki/100s,AURORA STAGE,2008
木村カエラ,12/30,2,/wiki/%E6%9C%A8%E6%9D%91%E3%82%AB%E3%82%A8%E3%83%A9,AURORA STAGE,2008
JUN SKY WALKER(S),12/30,2,/wiki/JUN_SKY_WALKER(S),AURORA STAGE,2008
RYUKYUDISKO,12/30,2,/wiki/RYUKYUDISKO,AURORA STAGE,2008
斉藤和義,12/30,2,/wiki/%E6%96%89%E8%97%A4%E5%92%8C%E7%BE%A9,AURORA STAGE,2008
犬が吠える by 五十嵐隆,12/30,2,,PLANET STAGE,2008
9mm Parabellum Bullet,12/30,2,/wiki/9mm_Parabellum_Bullet,PLANET STAGE,2008
monobright,12/30,2,/wiki/Monobright,PLANET STAGE,2008
GRAPEVINE,12/30,2,/wiki/GRAPEVINE,PLANET STAGE,2008
YOUR SONG IS GOOD,12/30,2,/wiki/YOUR_SONG_IS_GOOD,PLANET STAGE,2008
SAKEROCK,12/30,2,/wiki/SAKEROCK,PLANET STAGE,2008
BEAT CRUSADERS,12/30,2,/wiki/BEAT_CRUSADERS,PLANET STAGE,2008
AA=,12/30,2,/wiki/AA%3D,PLANET STAGE,2008
ACIDMAN,12/30,2,/wiki/ACIDMAN,PLANET STAGE,2008
中塚武,12/30,2,/wiki/%E4%B8%AD%E5%A1%9A%E6%AD%A6,DJ BOOTH,2008
RAM RIDER,12/30,2,/wiki/RAM_RIDER,DJ BOOTH,2008
YMCK,12/30,2,/wiki/YMCK,DJ BOOTH,2008
DE DE MOUSE,12/30,2,/wiki/DE_DE_MOUSE,DJ BOOTH,2008
Base Ball Bear,12/31,3,/wiki/Base_Ball_Bear,AURORA STAGE,2008
TRICERATOPS,12/31,3,/wiki/TRICERATOPS,AURORA STAGE,2008
GLORY HILL,12/31,3,/wiki/GLORY_HILL,AURORA STAGE,2008
10-FEET,12/31,3,/wiki/10-FEET,AURORA STAGE,2008
GOING UNDER GROUND,12/31,3,/wiki/GOING_UNDER_GROUND,AURORA STAGE,2008
サカナクション,12/31,3,/wiki/%E3%82%B5%E3%82%AB%E3%83%8A%E3%82%AF%E3%82%B7%E3%83%A7%E3%83%B3,AURORA STAGE,2008
鶴,12/31,3,/wiki/%E9%B6%B4_(%E3%83%90%E3%83%B3%E3%83%89),AURORA STAGE,2008
ザ50回転ズ,12/31,3,/wiki/%E3%82%B650%E5%9B%9E%E8%BB%A2%E3%82%BA,AURORA STAGE,2008
サンボマスター,12/31,3,/wiki/%E3%82%B5%E3%83%B3%E3%83%9C%E3%83%9E%E3%82%B9%E3%82%BF%E3%83%BC,AURORA STAGE,2008
エレファントカシマシ,12/31,3,/wiki/%E3%82%A8%E3%83%AC%E3%83%95%E3%82%A1%E3%83%B3%E3%83%88%E3%82%AB%E3%82%B7%E3%83%9E%E3%82%B7,AURORA STAGE,2008
the telephones,12/31,3,/wiki/The_telephones,PLANET STAGE,2008
dustbox,12/31,3,/wiki/Dustbox,PLANET STAGE,2008
Superfly,12/31,3,/wiki/Superfly,PLANET STAGE,2008
髭（HiGE）,12/31,3,/wiki/HiGE,PLANET STAGE,2008
NICO Touches the Walls,12/31,3,/wiki/NICO_Touches_the_Walls,PLANET STAGE,2008
locofrank,12/31,3,/wiki/Locofrank,PLANET STAGE,2008
tacica,12/31,3,/wiki/Tacica,PLANET STAGE,2008
bonobos,12/31,3,/wiki/Bonobos,PLANET STAGE,2008
SPECIAL OTHERS,12/31,3,/wiki/SPECIAL_OTHERS,PLANET STAGE,2008
KREVA,12/31,3,/wiki/KREVA,PLANET STAGE,2008
HALFBY,12/31,3,/wiki/HALFBY,DJ BOOTH,2008
HANDSOMEBOY TECHNIQUE,12/31,3,,DJ BOOTH,2008
TAKUMA（10-FEET）,12/31,3,/wiki/10-FEET,DJ BOOTH,2008
やついいちろう（エレキコミック）,12/31,3,/wiki/%E3%82%84%E3%81%A4%E3%81%84%E3%81%84%E3%81%A1%E3%82%8D%E3%81%86,DJ BOOTH,2008
ダニー&ドリー（ザ50回転ズ）,12/31,3,,DJ BOOTH,2008
9mm Parabellum Bullet,12/28,1,,EARTH STAGE,2009
Perfume,12/28,1,,EARTH STAGE,2009
筋肉少女帯,12/28,1,,EARTH STAGE,2009
木村カエラ,12/28,1,,EARTH STAGE,2009
ゴスペラーズ,12/28,1,,EARTH STAGE,2009
くるり,12/28,1,,EARTH STAGE,2009
ユニコーン,12/28,1,,EARTH STAGE,2009
PUFFY,12/28,1,,GALAXY STAGE,2009
藍坊主,12/28,1,,GALAXY STAGE,2009
奥田民生ひとり股旅,12/28,1,,GALAXY STAGE,2009
GLORY HILL,12/28,1,,GALAXY STAGE,2009
佐野元春 & THE COYOTE BAND,12/28,1,,GALAXY STAGE,2009
坂本龍一,12/28,1,,GALAXY STAGE,2009
the band apart,12/28,1,,GALAXY STAGE,2009
BOOM BOOM SATELLITES,12/28,1,,GALAXY STAGE,2009
アナログフィッシュ,12/28,1,,COSMO STAGE,2009
頭脳警察,12/28,1,,COSMO STAGE,2009
MASS OF THE FERMENTING DREGS,12/28,1,,COSMO STAGE,2009
TRICERATOPS,12/28,1,,COSMO STAGE,2009
People In The Box,12/28,1,,COSMO STAGE,2009
安部真央,12/28,1,,COSMO STAGE,2009
椿屋四重奏,12/28,1,,COSMO STAGE,2009
WEAVER,12/28,1,,MOON STAGE,2009
ROCK'A'TRENCH,12/28,1,,MOON STAGE,2009
UNCHAIN,12/28,1,,MOON STAGE,2009
asphalt frustration,12/28,1,,MOON STAGE,2009
グッドラックヘイワ,12/28,1,,MOON STAGE,2009
a flood of circle,12/28,1,,MOON STAGE,2009
flumpool,12/28,1,,MOON STAGE,2009
Northern19,12/28,1,,MOON STAGE,2009
小堀裕之（2丁挙銃）,12/28,1,,DJ BOOTH,2009
イルリメ(LIVE SET),12/28,1,,DJ BOOTH,2009
RAM RIDER,12/28,1,,DJ BOOTH,2009
ダイノジ,12/28,1,,DJ BOOTH,2009
氣志團,12/29,2,,EARTH STAGE,2009
HY,12/29,2,,EARTH STAGE,2009
The Birthday,12/29,2,,EARTH STAGE,2009
ストレイテナー,12/29,2,,EARTH STAGE,2009
Base Ball Bear,12/29,2,,EARTH STAGE,2009
RIP SLYME,12/29,2,,EARTH STAGE,2009
BEAT CRUSADERS,12/29,2,,EARTH STAGE,2009
SEAMO,12/29,2,,GALAXY STAGE,2009
ASPARAGUS,12/29,2,,GALAXY STAGE,2009
LOW IQ 01 & MASTER LOW,12/29,2,,GALAXY STAGE,2009
SPECIAL OTHERS,12/29,2,,GALAXY STAGE,2009
DOPING PANDA,12/29,2,,GALAXY STAGE,2009
THE BACK HORN,12/29,2,,GALAXY STAGE,2009
FRONTIER BACKYARD,12/29,2,,GALAXY STAGE,2009
RHYMESTER,12/29,2,,GALAXY STAGE,2009
DOES,12/29,2,,COSMO STAGE,2009
のあのわ,12/29,2,,COSMO STAGE,2009
SPANK PAGE,12/29,2,,COSMO STAGE,2009
FACT,12/29,2,,COSMO STAGE,2009
Prague,12/29,2,,COSMO STAGE,2009
Pay money To my Pain,12/29,2,,COSMO STAGE,2009
monobright,12/29,2,,COSMO STAGE,2009
FoZZtone,12/29,2,,COSMO STAGE,2009
BIGMAMA,12/29,2,,MOON STAGE,2009
TOTALFAT,12/29,2,,MOON STAGE,2009
cinema staff,12/29,2,/wiki/Cinema_staff,MOON STAGE,2009
BACK DROP BOMB Special Formation Set,12/29,2,,MOON STAGE,2009
OVERGROUND ACOUSTIC UNDERGROUND,12/29,2,,MOON STAGE,2009
school food punishment,12/29,2,,MOON STAGE,2009
黒猫チェルシー,12/29,2,,MOON STAGE,2009
毛皮のマリーズ,12/29,2,,MOON STAGE,2009
松田“CHABE”岳二（CUBISMO GRAFICO）,12/29,2,,DJ BOOTH,2009
曽我部恵一BAND,12/29,2,,DJ BOOTH,2009
DEXPISTOLS,12/29,2,,DJ BOOTH,2009
HALFBY,12/29,2,,DJ BOOTH,2009
HANDSOMEBOY TECHNIQUE,12/29,2,,DJ BOOTH,2009
フジファブリック,12/30,3,,EARTH STAGE,2009
凛として時雨,12/30,3,,EARTH STAGE,2009
トータス松本,12/30,3,,EARTH STAGE,2009
KREVA,12/30,3,,EARTH STAGE,2009
the HIATUS,12/30,3,/wiki/The_HIATUS,EARTH STAGE,2009
東京事変,12/30,3,,EARTH STAGE,2009
グループ魂,12/30,3,,EARTH STAGE,2009
knotlamp,12/30,3,,GALAXY STAGE,2009
GOING UNDER GROUND,12/30,3,,GALAXY STAGE,2009
GRAPVINE,12/30,3,,GALAXY STAGE,2009
SHAKALABBITS,12/30,3,,GALAXY STAGE,2009
安藤裕子,12/30,3,,GALAXY STAGE,2009
ZAZEN BOYS,12/30,3,,GALAXY STAGE,2009
YO-KING,12/30,3,,GALAXY STAGE,2009
サカナクション,12/30,3,,GALAXY STAGE,2009
"SOIL&""PIMP""SESSIONS",12/30,3,,COSMO STAGE,2009
UNISON SQUARE GARDEN,12/30,3,,COSMO STAGE,2009
luki,12/30,3,,COSMO STAGE,2009
OKAMOTO'S,12/30,3,/wiki/OKAMOTO%27S,COSMO STAGE,2009
"your gold, my pink",12/30,3,,COSMO STAGE,2009
カジヒデキ,12/30,3,,COSMO STAGE,2009
ザ・ビートモーターズ,12/30,3,,COSMO STAGE,2009
ART-SCHOOL,12/30,3,,COSMO STAGE,2009
Scars Borough,12/30,3,,MOON STAGE,2009
cutman-booche,12/30,3,,MOON STAGE,2009
Nothing's Carved In Stone,12/30,3,/wiki/Nothing%27s_Carved_In_Stone,MOON STAGE,2009
OGRE YOU ASSHOLE,12/30,3,,MOON STAGE,2009
THE NOVEMBERS,12/30,3,,MOON STAGE,2009
MCU,12/30,3,,MOON STAGE,2009
Qomolangma Tomato,12/30,3,,MOON STAGE,2009
曽我部恵一BAND,12/30,3,,MOON STAGE,2009
木下理樹（ART-SCHOOL）,12/30,3,,DJ BOOTH,2009
TEAM紅（松尾スズキ・河井克夫）,12/30,3,,DJ BOOTH,2009
ピエール中野（凛として時雨）,12/30,3,,DJ BOOTH,2009
group_inou(LIVE SET),12/30,3,/wiki/Group_inou,DJ BOOTH,2009
東京スカパラダイスオーケストラ,12/31,4,,EARTH STAGE,2009
泉谷しげる,12/31,4,,EARTH STAGE,2009
POLYSICS,12/31,4,,EARTH STAGE,2009
GO!GO!7188,12/31,4,,EARTH STAGE,2009
MINMI,12/31,4,,EARTH STAGE,2009
MONGOL800,12/31,4,,EARTH STAGE,2009
エレファントカシマシ,12/31,4,,EARTH STAGE,2009
Superfly,12/31,4,,EARTH STAGE,2009
B-DASH,12/31,4,,GALAXY STAGE,2009
GOOD 4 NOTHING,12/31,4,,GALAXY STAGE,2009
ホフディラン,12/31,4,,GALAXY STAGE,2009
bonobos,12/31,4,,GALAXY STAGE,2009
RYUKYUDISKO,12/31,4,,GALAXY STAGE,2009
NICO Touches the Walls,12/31,4,,GALAXY STAGE,2009
サンボマスター,12/31,4,,GALAXY STAGE,2009
YOUR SONG IS GOOD,12/31,4,,GALAXY STAGE,2009
dustbox,12/31,4,,GALAXY STAGE,2009
the telephones,12/31,4,,GALAXY STAGE,2009
andymori,12/31,4,,COSMO STAGE,2009
未完成VS新世界,12/31,4,,COSMO STAGE,2009
COMEBACK MY DAUGHTERS,12/31,4,,COSMO STAGE,2009
仲井戸“CHABO”麗市,12/31,4,,COSMO STAGE,2009
Galileo Galilei,12/31,4,/wiki/Galileo_Galilei,COSMO STAGE,2009
THE BAWDIES,12/31,4,,COSMO STAGE,2009
HALCALI,12/31,4,,COSMO STAGE,2009
PILLS EMPIRE,12/31,4,,COSMO STAGE,2009
WAGDUG FUTURISTIC UNITY,12/31,4,,COSMO STAGE,2009
怒髪天,12/31,4,,COSMO STAGE,2009
鶴,12/31,4,,COSMO STAGE,2009
SISTE JET,12/31,4,,COSMO STAGE,2009
Peaky SALT,12/31,4,,COSMO STAGE,2009
竹内電気,12/31,4,,COSMO STAGE,2009
SCOOBIE DO,12/31,4,,COSMO STAGE,2009
Cocco,12/31,4,,MOON STAGE,2009
The Millaz,12/31,4,,MOON STAGE,2009
間々田優,12/31,4,,MOON STAGE,2009
星羅,12/31,4,,MOON STAGE,2009
トクマルシューゴ,12/31,4,,MOON STAGE,2009
清竜人,12/31,4,/wiki/%E6%B8%85%E7%AB%9C%E4%BA%BA,MOON STAGE,2009
LOVE LOVE LOVE,12/31,4,,MOON STAGE,2009
フラワーカンパニーズ,12/31,4,,MOON STAGE,2009
plenty,12/31,4,/wiki/Plenty,MOON STAGE,2009
LOCAL SOUND STYLE,12/31,4,,MOON STAGE,2009
sleepy.ab,12/31,4,,MOON STAGE,2009
ザ50回転ズ,12/31,4,,MOON STAGE,2009
やついいちろう（エレキコミック）,12/31,4,,DJ BOOTH,2009
小宮山雄飛（ホフディラン）,12/31,4,,DJ BOOTH,2009
ハヤシヒロユキ（POLYSICS）,12/31,4,,DJ BOOTH,2009
中塚武,12/31,4,,DJ BOOTH,2009
capsule,12/31,4,,DJ BOOTH,2009
増子直純（怒髪天）,12/31,4,,DJ BOOTH,2009
グレートマエカワ（フラワーカンパニーズ）,12/31,4,,DJ BOOTH,2009
石毛輝（the telephones）,12/31,4,,DJ BOOTH,2009
大谷ノブ彦（ダイノジ）,12/31,4,,DJ BOOTH,2009
PUFFY,12/28,1,,EARTH STAGE,2010
MINMI,12/28,1,,EARTH STAGE,2010
奥田民生,12/28,1,,EARTH STAGE,2010
Perfume,12/28,1,,EARTH STAGE,2010
Superfly,12/28,1,,EARTH STAGE,2010
くるり,12/28,1,,EARTH STAGE,2010
10-FEET,12/28,1,,EARTH STAGE,2010
Nothing's Caeved In Stone,12/28,1,,GALAXY STAGE,2010
筋肉少女帯,12/28,1,,GALAXY STAGE,2010
FACT,12/28,1,,GALAXY STAGE,2010
lecca,12/28,1,/wiki/Lecca,GALAXY STAGE,2010
the band apart,12/28,1,,GALAXY STAGE,2010
BUCK-TICK,12/28,1,,GALAXY STAGE,2010
ホフディラン,12/28,1,,GALAXY STAGE,2010
ZAZEN BOYS,12/28,1,,GALAXY STAGE,2010
フラワーカンパニーズ,12/28,1,,COSMO STAGE,2010
a flood of circle,12/28,1,,COSMO STAGE,2010
世武裕子,12/28,1,,COSMO STAGE,2010
遠藤ミチロウ,12/28,1,,COSMO STAGE,2010
Dirty Old Men,12/28,1,,COSMO STAGE,2010
BLACK BORDERS,12/28,1,,COSMO STAGE,2010
GLORY HILL,12/28,1,,COSMO STAGE,2010
Galileo Galilei,12/28,1,,COSMO STAGE,2010
Prague,12/28,1,,MOON STAGE,2010
miwa,12/28,1,,MOON STAGE,2010
Dezille Brothers,12/28,1,,MOON STAGE,2010
黒猫チェルシー,12/28,1,,MOON STAGE,2010
YO-KING,12/28,1,,MOON STAGE,2010
eastern youth,12/28,1,,MOON STAGE,2010
avengers in sci-fi,12/28,1,,MOON STAGE,2010
DOES,12/28,1,,MOON STAGE,2010
小堀裕之（2丁挙銃）,12/28,1,,DJ BOOTH,2010
グレートマエカワ（フラワーカンパニーズ）,12/28,1,,DJ BOOTH,2010
RAM RIDER,12/28,1,,DJ BOOTH,2010
HALFBY,12/28,1,,DJ BOOTH,2010
HANDSOMEBOY TECHNIQUE,12/28,1,,DJ BOOTH,2010
Base Ball Bear,12/29,2,,EARTH STAGE,2010
真心ブラザーズ,12/29,2,,EARTH STAGE,2010
ゴダイゴ,12/29,2,,EARTH STAGE,2010
ACIDMAN,12/29,2,,EARTH STAGE,2010
チャットモンチー,12/29,2,,EARTH STAGE,2010
東京スカパラダイスオーケストラ,12/29,2,,EARTH STAGE,2010
9mm Parabellum Bullet,12/29,2,,EARTH STAGE,2010
dustbox,12/29,2,,GALAXY STAGE,2010
MO'SOME TONEBENDER,12/29,2,,GALAXY STAGE,2010
ART-SCHOOL,12/29,2,,GALAXY STAGE,2010
スキマスイッチ,12/29,2,,GALAXY STAGE,2010
ムック,12/29,2,/wiki/MUCC,GALAXY STAGE,2010
ASPARAGUS,12/29,2,,GALAXY STAGE,2010
GOING UNDER GROUND,12/29,2,,GALAXY STAGE,2010
スガシカオ,12/29,2,/wiki/%E3%82%B9%E3%82%AC%E3%82%B7%E3%82%AB%E3%82%AA,GALAXY STAGE,2010
ONE OK ROCK,12/29,2,,COSMO STAGE,2010
SEAMO,12/29,2,,COSMO STAGE,2010
Pay money To my Pain,12/29,2,,COSMO STAGE,2010
THE NOVEMBERS,12/29,2,,COSMO STAGE,2010
WEAVER,12/29,2,,COSMO STAGE,2010
藍坊主,12/29,2,,COSMO STAGE,2010
People In The Box,12/29,2,,COSMO STAGE,2010
UNCHAIN,12/29,2,,COSMO STAGE,2010
Ain Figremin,12/29,2,,MOON STAGE,2010
"your gold,my pink",12/29,2,,MOON STAGE,2010
MONOBRAIGHT,12/29,2,,MOON STAGE,2010
磯部正文BAND,12/29,2,,MOON STAGE,2010
真空ホロウ,12/29,2,/wiki/%E7%9C%9F%E7%A9%BA%E3%83%9B%E3%83%AD%E3%82%A6,MOON STAGE,2010
溝渕文,12/29,2,/wiki/%E6%BA%9D%E6%B8%95%E6%96%87,MOON STAGE,2010
kannivalism,12/29,2,,MOON STAGE,2010
HINTO,12/29,2,,MOON STAGE,2010
Theピーズ,12/29,2,,MOON STAGE,2010
石毛輝（the telephones）,12/29,2,,DJ BOOTH,2010
ピエール中野（凛として時雨）,12/29,2,,DJ BOOTH,2010
木下理樹（ART-SCHOOL）,12/29,2,,DJ BOOTH,2010
SCHOOL OF LOCK!とーやま校長＋やしろ教頭,12/29,2,,DJ BOOTH,2010
グループ魂,12/30,3,,EARTH STAGE,2010
トータス松本,12/30,3,,EARTH STAGE,2010
ORANGE RANGE,12/30,3,,EARTH STAGE,2010
マキシマム ザ ホルモン,12/30,3,,EARTH STAGE,2010
ザ・クロマニヨンズ,12/30,3,,EARTH STAGE,2010
斉藤和義,12/30,3,,EARTH STAGE,2010
ストレイテナー,12/30,3,,EARTH STAGE,2010
GOOD 4 NOTHING,12/30,3,,GALAXY STAGE,2010
LOW IQ 01&MASTER LOW,12/30,3,,GALAXY STAGE,2010
佐野元春,12/30,3,,GALAXY STAGE,2010
安藤裕子,12/30,3,,GALAXY STAGE,2010
NICO Touches the Walls,12/30,3,,GALAXY STAGE,2010
BIGMAMA,12/30,3,,GALAXY STAGE,2010
the telephones,12/30,3,,GALAXY STAGE,2010
175R,12/30,3,,GALAXY STAGE,2010
androp,12/30,3,/wiki/Androp,COSMO STAGE,2010
serial TV drama,12/30,3,,COSMO STAGE,2010
LAST ALLIANCE,12/30,3,,COSMO STAGE,2010
曽我部恵一,12/30,3,,COSMO STAGE,2010
星野源,12/30,3,/wiki/%E6%98%9F%E9%87%8E%E6%BA%90,COSMO STAGE,2010
OGRE YOU ASSHOLE,12/30,3,,COSMO STAGE,2010
トクマルシューゴ,12/30,3,,COSMO STAGE,2010
AA=,12/30,3,,COSMO STAGE,2010
ハヌマーン,12/30,3,,MOON STAGE,2010
［Champagne］,12/30,3,/wiki/%EF%BC%BBAlexandros%EF%BC%BD,MOON STAGE,2010
OKAMOTO'S,12/30,3,,MOON STAGE,2010
mudy on the 昨晩,12/30,3,,MOON STAGE,2010
The Mirraz,12/30,3,/wiki/The_Mirraz,MOON STAGE,2010
モーモールルギャバン,12/30,3,/wiki/%E3%83%A2%E3%83%BC%E3%83%A2%E3%83%BC%E3%83%AB%E3%83%AB%E3%82%AE%E3%83%A3%E3%83%90%E3%83%B3,MOON STAGE,2010
iLL,12/30,3,,MOON STAGE,2010
OVERGROUND ACOUSTIC UNDERGROUND,12/30,3,,MOON STAGE,2010
清竜人,12/30,3,,MOON STAGE,2010
TEAM紅（松尾スズキ・河井克夫）,12/30,3,,DJ BOOTH,2010
Tetsushi Hiroyama・Yosuke Hiroyama（RYUKYUDISKO）,12/30,3,,DJ BOOTH,2010
クボタマサヒコ（kuh）＋GUEST,12/30,3,,DJ BOOTH,2010
POLYSICS,12/31,4,,EARTH STAGE,2010
Cocco,12/31,4,,EARTH STAGE,2010
SPECIAL OTHERS,12/31,4,,EARTH STAGE,2010
the HIATUS,12/31,4,,EARTH STAGE,2010
サカナクション,12/31,4,,EARTH STAGE,2010
KREVA,12/31,4,,EARTH STAGE,2010
エレファントカシマシ,12/31,4,,EARTH STAGE,2010
サンボマスター,12/31,4,,EARTH STAGE,2010
世界の終わり,12/31,4,,GALAXY STAGE,2010
RHYMESTER,12/31,4,,GALAXY STAGE,2010
SHAKALABBITS,12/31,4,,GALAXY STAGE,2010
THE BACK HORN,12/31,4,,GALAXY STAGE,2010
bonobos,12/31,4,,GALAXY STAGE,2010
"SOIL&""PIMP""SESSIONS",12/31,4,,GALAXY STAGE,2010
SAKEROCK,12/31,4,,GALAXY STAGE,2010
THE BAWDIES,12/31,4,,GALAXY STAGE,2010
YOUR SONG IS GOOD,12/31,4,,GALAXY STAGE,2010
B-DASH,12/31,4,,GALAXY STAGE,2010
Northern19,12/31,4,,GALAXY STAGE,2010
ヒダカトオル,12/31,4,,GALAXY STAGE,2010
SISTER JET,12/31,4,,COSMO STAGE,2010
sleepy.ab,12/31,4,,COSMO STAGE,2010
日本マドンナ,12/31,4,,COSMO STAGE,2010
Predawn,12/31,4,/wiki/Predawn,COSMO STAGE,2010
ザ・ビートモーターズ,12/31,4,,COSMO STAGE,2010
舞花,12/31,4,,COSMO STAGE,2010
Any,12/31,4,,COSMO STAGE,2010
LOCAL SOUND STYLE,12/31,4,,COSMO STAGE,2010
HiGE,12/31,4,,COSMO STAGE,2010
andymori,12/31,4,,COSMO STAGE,2010
FoZZtone,12/31,4,,COSMO STAGE,2010
80kidz,12/31,4,,COSMO STAGE,2010
オレスカバンド,12/31,4,,COSMO STAGE,2010
小林太郎,12/31,4,/wiki/%E5%B0%8F%E6%9E%97%E5%A4%AA%E9%83%8E,MOON STAGE,2010
FRONTIER BACKYARD,12/31,4,,MOON STAGE,2010
長澤知之,12/31,4,/wiki/%E9%95%B7%E6%BE%A4%E7%9F%A5%E4%B9%8B,MOON STAGE,2010
CHABO BAND,12/31,4,,MOON STAGE,2010
ねごと,12/31,4,/wiki/%E3%81%AD%E3%81%94%E3%81%A8,MOON STAGE,2010
killing Boy,12/31,4,/wiki/Killing_Boy,MOON STAGE,2010
plenty,12/31,4,,MOON STAGE,2010
毛皮のマリーズ,12/31,4,,MOON STAGE,2010
TOTALFAT,12/31,4,,MOON STAGE,2010
group_inou,12/31,4,,MOON STAGE,2010
Jeepta,12/31,4,,MOON STAGE,2010
のあのわ,12/31,4,,MOON STAGE,2010
MCU,12/31,4,,MOON STAGE,2010
松田“CHABE”岳二（CUBISMO GRAFICO）,12/31,4,,DJ BOOTH,2010
capsule,12/31,4,,DJ BOOTH,2010
ハヤシヒロユキ（POLYSICS）,12/31,4,,DJ BOOTH,2010
やついいちろう（エレキコミック）,12/31,4,,DJ BOOTH,2010
RESIDENT DJS,12/31,4,,DJ BOOTH,2010
ダイノジ,12/31,4,,DJ BOOTH,2010
Daichi,12/31,4,,DJ BOOTH,2010
中塚武,12/31,4,,DJ BOOTH,2010
10-FEET,12/28,1,,EARTH STAGE,2011
PUFFY,12/28,1,,EARTH STAGE,2011
フジファブリック,12/28,1,,EARTH STAGE,2011
木村カエラ,12/28,1,,EARTH STAGE,2011
氣志團,12/28,1,,EARTH STAGE,2011
奥田民生,12/28,1,,EARTH STAGE,2011
サカナクション,12/28,1,,EARTH STAGE,2011
NICO Touches the Walls,12/28,1,,GALAXY STAGE,2011
ASPARAGUS,12/28,1,,GALAXY STAGE,2011
CNBLUE,12/28,1,,GALAXY STAGE,2011
筋肉少女帯,12/28,1,,GALAXY STAGE,2011
MONGOL800,12/28,1,,GALAXY STAGE,2011
GOOD4NOTHING,12/28,1,,GALAXY STAGE,2011
BIGMAMA,12/28,1,,GALAXY STAGE,2011
FACT,12/28,1,,GALAXY STAGE,2011
のあのわ,12/28,1,,COSMO STAGE,2011
another sunnyday,12/28,1,,COSMO STAGE,2011
ザ・ビートモーターズ,12/28,1,,COSMO STAGE,2011
NUBO,12/28,1,,COSMO STAGE,2011
D'ERLANGER,12/28,1,,COSMO STAGE,2011
雅-MIYAVI-,12/28,1,,COSMO STAGE,2011
INORAN,12/28,1,,COSMO STAGE,2011
Galileo Galilei,12/28,1,,COSMO STAGE,2011
N'夙川BOYS,12/28,1,,MOON STAGE,2011
藍坊主,12/28,1,,MOON STAGE,2011
高橋優,12/28,1,/wiki/%E9%AB%98%E6%A9%8B%E5%84%AA,MOON STAGE,2011
"Fear,and Loathing in Las Vegas",12/28,1,,MOON STAGE,2011
OKAMOTO'S,12/28,1,,MOON STAGE,2011
藤井フミヤ,12/28,1,,MOON STAGE,2011
WEAVER,12/28,1,,MOON STAGE,2011
MAN WITH A MISSION,12/28,1,/wiki/MAN_WITH_A_MISSION,MOON STAGE,2011
遠藤孝行(FREAK AFFAIR),12/28,1,,ASTRO ARENA,2011
片平実(Getting Better),12/28,1,,ASTRO ARENA,2011
ATOM ON SPHERE,12/28,1,,ASTRO ARENA,2011
キノコホテル,12/28,1,,ASTRO ARENA,2011
DE DE MOUSE+dependents,12/28,1,,ASTRO ARENA,2011
80KIDZ,12/28,1,,ASTRO ARENA,2011
galaxias!,12/28,1,,ASTRO ARENA,2011
TAKUMA(10-FEET),12/28,1,,ASTRO ARENA,2011
DJタカシ(MONGOL800),12/28,1,,ASTRO ARENA,2011
Tomoyuki Tanaka(FPM),12/28,1,,ASTRO ARENA,2011
ASIAN KUNG-FU GENERATION,12/29,2,,EARTH STAGE,2011
Base Ball Bear,12/29,2,,EARTH STAGE,2011
チャットモンチー,12/29,2,,EARTH STAGE,2011
ORANGE RANGE,12/29,2,,EARTH STAGE,2011
ザ・クロマニヨンズ,12/29,2,,EARTH STAGE,2011
フラワーカンパニーズ,12/29,2,,EARTH STAGE,2011
KREVA,12/29,2,,EARTH STAGE,2011
RHYMESTER,12/29,2,,GALAXY STAGE,2011
Chara,12/29,2,,GALAXY STAGE,2011
スキマスイッチ,12/29,2,,GALAXY STAGE,2011
ZAZEN BOYS,12/29,2,,GALAXY STAGE,2011
The Mirraz,12/29,2,,GALAXY STAGE,2011
SHAKALABBITS,12/29,2,,GALAXY STAGE,2011
電気グルーヴ,12/29,2,,GALAXY STAGE,2011
ART-SCHOOL,12/29,2,,GALAXY STAGE,2011
back number,12/29,2,,COSMO STAGE,2011
岡林信康,12/29,2,,COSMO STAGE,2011
頭脳警察,12/29,2,,COSMO STAGE,2011
日本マドンナ,12/29,2,,COSMO STAGE,2011
OverTheDogs,12/29,2,,COSMO STAGE,2011
Dr.DOWNER,12/29,2,,COSMO STAGE,2011
音速ライン,12/29,2,,COSMO STAGE,2011
TRICERATOPS,12/29,2,,COSMO STAGE,2011
QWAI,12/29,2,,MOON STAGE,2011
グッドモーニングアメリカ,12/29,2,,MOON STAGE,2011
NOVELS,12/29,2,,MOON STAGE,2011
中田裕二,12/29,2,,MOON STAGE,2011
miwa,12/29,2,,MOON STAGE,2011
溝渕 文,12/29,2,,MOON STAGE,2011
Rie fu,12/29,2,,MOON STAGE,2011
トクマルシューゴ,12/29,2,,MOON STAGE,2011
遠藤孝行(FREAK AFFAIR),12/29,2,,ASTRO ARENA,2011
クボタマサヒコ(kuh/TOQUIO LEQUIO TEQUNOS),12/29,2,,ASTRO ARENA,2011
女王蜂,12/29,2,,ASTRO ARENA,2011
SEAMO,12/29,2,,ASTRO ARENA,2011
UL,12/29,2,,ASTRO ARENA,2011
group_inou,12/29,2,,ASTRO ARENA,2011
"サイトウ""JxJx""ジュン(YOUR SONG IS GOOD)",12/29,2,,ASTRO ARENA,2011
前田博章(puke!),12/29,2,,ASTRO ARENA,2011
ピエール中野(凛として時雨),12/29,2,,ASTRO ARENA,2011
9mm Parabellum Bullet,12/30,3,,EARTH STAGE,2011
ストレイテナー,12/30,3,,EARTH STAGE,2011
THE BAWDIES,12/30,3,,EARTH STAGE,2011
久保田利伸,12/30,3,,EARTH STAGE,2011
マキシマム ザ ホルモン,12/30,3,,EARTH STAGE,2011
ACIDMAN,12/30,3,,EARTH STAGE,2011
東京スカパラダイスオーケストラ,12/30,3,,EARTH STAGE,2011
Northern19,12/30,3,,GALAXY STAGE,2011
POLYSICS,12/30,3,,GALAXY STAGE,2011
DOES,12/30,3,,GALAXY STAGE,2011
ヒダカトオル,12/30,3,,GALAXY STAGE,2011
LOW IQ 01 & MASTER LOW,12/30,3,,GALAXY STAGE,2011
サンボマスター,12/30,3,,GALAXY STAGE,2011
阿部真央,12/30,3,,GALAXY STAGE,2011
the band apart,12/30,3,,GALAXY STAGE,2011
クリープハイプ,12/30,3,,COSMO STAGE,2011
BACK DROP BOMB,12/30,3,,COSMO STAGE,2011
mudy on the 昨晩,12/30,3,,COSMO STAGE,2011
eastern youth,12/30,3,,COSMO STAGE,2011
cinema staff,12/30,3,,COSMO STAGE,2011
THE NOVEMBERS,12/30,3,,COSMO STAGE,2011
真心ブラザーズ,12/30,3,,COSMO STAGE,2011
SISTER JET,12/30,3,,COSMO STAGE,2011
a flood of circle,12/30,3,,MOON STAGE,2011
FLYING KIDS,12/30,3,,MOON STAGE,2011
OVERGROUND ACOUSTIC UNDERGROUND,12/30,3,,MOON STAGE,2011
pocketlife,12/30,3,,MOON STAGE,2011
LITE,12/30,3,,MOON STAGE,2011
門田匡陽 with CalmCalm,12/30,3,,MOON STAGE,2011
磯部正文BAND,12/30,3,,MOON STAGE,2011
coldrain,12/30,3,,MOON STAGE,2011
西村道男(Nur.),12/30,3,,ASTRO ARENA,2011
保坂壮彦(soultoday),12/30,3,,ASTRO ARENA,2011
Mop of Head,12/30,3,,ASTRO ARENA,2011
avengers in sci-fi,12/30,3,,ASTRO ARENA,2011
KIMONOS,12/30,3,,ASTRO ARENA,2011
LAMA,12/30,3,,ASTRO ARENA,2011
ハヤシヒロユキ(POLYSICS),12/30,3,,ASTRO ARENA,2011
小堀裕之(2丁拳銃),12/30,3,,ASTRO ARENA,2011
ホリエアツシ(ストレイテナー/ent),12/30,3,,ASTRO ARENA,2011
グループ魂,12/31,4,,EARTH STAGE,2011
SEKAI NO OWARI,12/31,4,,EARTH STAGE,2011
ONE OK ROCK,12/31,4,,EARTH STAGE,2011
吉井和哉,12/31,4,,EARTH STAGE,2011
the HIATUS,12/31,4,,EARTH STAGE,2011
岡村靖幸,12/31,4,,EARTH STAGE,2011
Dragon Ash,12/31,4,,EARTH STAGE,2011
エレファントカシマシ,12/31,4,,EARTH STAGE,2011
THE BACK HORN,12/31,4,,GALAXY STAGE,2011
怒髪天,12/31,4,,GALAXY STAGE,2011
佐野元春 & THE COYOTE BAND,12/31,4,,GALAXY STAGE,2011
UNISON SQUARE GARDEN,12/31,4,,GALAXY STAGE,2011
SPECIAL OTHERS,12/31,4,,GALAXY STAGE,2011
星野源,12/31,4,,GALAXY STAGE,2011
dustbox,12/31,4,,GALAXY STAGE,2011
YOUR SONG IS GOOD,12/31,4,,GALAXY STAGE,2011
Nothing's Carved In Stone,12/31,4,,GALAXY STAGE,2011
B-DASH,12/31,4,,GALAXY STAGE,2011
bonobos,12/31,4,,GALAXY STAGE,2011
TOTALFAT,12/31,4,,GALAXY STAGE,2011
[Champagne],12/31,4,,COSMO STAGE,2011
ザ50回転ズ,12/31,4,,COSMO STAGE,2011
plenty,12/31,4,,COSMO STAGE,2011
luki,12/31,4,,COSMO STAGE,2011
Jeepta,12/31,4,,COSMO STAGE,2011
sleepy.ab,12/31,4,,COSMO STAGE,2011
THE★米騒動,12/31,4,,COSMO STAGE,2011
MONOBRIGHT,12/31,4,,COSMO STAGE,2011
モーモールルギャバン,12/31,4,,COSMO STAGE,2011
Plastic Tree,12/31,4,,COSMO STAGE,2011
EGG BRAIN,12/31,4,,COSMO STAGE,2011
smorgas,12/31,4,,COSMO STAGE,2011
アルカラ,12/31,4,,COSMO STAGE,2011
THEラブ人間,12/31,4,,MOON STAGE,2011
"仲井戸""CHABO""麗市",12/31,4,,MOON STAGE,2011
lecca,12/31,4,,MOON STAGE,2011
MERRY,12/31,4,,MOON STAGE,2011
WHITE ASH,12/31,4,,MOON STAGE,2011
Hilcrhyme,12/31,4,,MOON STAGE,2011
アーバンギャルド,12/31,4,,MOON STAGE,2011
真空ホロウ,12/31,4,,MOON STAGE,2011
ソウル・フラワー・ユニオン,12/31,4,,MOON STAGE,2011
中川翔子,12/31,4,,MOON STAGE,2011
OLDE WORLDE,12/31,4,,MOON STAGE,2011
オワリカラ,12/31,4,,MOON STAGE,2011
住所不定無職,12/31,4,,MOON STAGE,2011
西村道男(Mur.),12/31,4,,ASTRO ARENA,2011
"松田""CHABE""岳二(CUBISMO GRAFICO)& Panorama Family",12/31,4,,ASTRO ARENA,2011
在日ファンク,12/31,4,,ASTRO ARENA,2011
"SOIL&""PIMP""SESSIONS",12/31,4,,ASTRO ARENA,2011
HALCALI,12/31,4,,ASTRO ARENA,2011
androp,12/31,4,,ASTRO ARENA,2011
capsule,12/31,4,,ASTRO ARENA,2011
YAPAN a.k.a. Yosuke Hiroyama(RYUKYUDISKO),12/31,4,,ASTRO ARENA,2011
片平実(Getting Better),12/31,4,,ASTRO ARENA,2011
ダイノジ,12/31,4,,ASTRO ARENA,2011
やついいちろう(エレキコミック),12/31,4,,ASTRO ARENA,2011
前田博章(puke!),12/31,4,,ASTRO ARENA,2011
保坂壮彦(soultoday),12/31,4,,ASTRO ARENA,2011
HY,12/28,1,,EARTH STAGE,2012
9mm Parabellum Bullet,12/28,1,,EARTH STAGE,2012
MONGOL800,12/28,1,,EARTH STAGE,2012
Perfume,12/28,1,,EARTH STAGE,2012
地球三兄弟,12/28,1,,EARTH STAGE,2012
木村カエラ,12/28,1,,EARTH STAGE,2012
ASIAN KUNG-FU GENERATION,12/28,1,,EARTH STAGE,2012
miwa,12/28,1,,GALAXY STAGE,2012
きゃりーぱみゅぱみゅ,12/28,1,/wiki/%E3%81%8D%E3%82%83%E3%82%8A%E3%83%BC%E3%81%B1%E3%81%BF%E3%82%85%E3%81%B1%E3%81%BF%E3%82%85,GALAXY STAGE,2012
星野源,12/28,1,,GALAXY STAGE,2012
[Champagne],12/28,1,,GALAXY STAGE,2012
MAN WITH A MISSION,12/28,1,,GALAXY STAGE,2012
BIGMAMA,12/28,1,,GALAXY STAGE,2012
BUCK-TICK,12/28,1,,GALAXY STAGE,2012
the telephones,12/28,1,,GALAXY STAGE,2012
Czecho No Republic,12/28,1,/wiki/Czecho_No_Republic,COSMO STAGE,2012
岩崎愛,12/28,1,,COSMO STAGE,2012
MONOBRIGHT,12/28,1,,COSMO STAGE,2012
MERRY,12/28,1,,COSMO STAGE,2012
髭,12/28,1,,COSMO STAGE,2012
家入レオ,12/28,1,/wiki/%E5%AE%B6%E5%85%A5%E3%83%AC%E3%82%AA,COSMO STAGE,2012
クリープハイプ,12/28,1,,COSMO STAGE,2012
locofrank,12/28,1,,COSMO STAGE,2012
avengers in sci-fi,12/28,1,,MOON STAGE,2012
ザ50回転ズ,12/28,1,,MOON STAGE,2012
N'夙川BOYS,12/28,1,,MOON STAGE,2012
The Beatmoss,12/28,1,,MOON STAGE,2012
the cabs,12/28,1,,MOON STAGE,2012
Hello Sleepwalkers,12/28,1,,MOON STAGE,2012
WEAVER,12/28,1,,MOON STAGE,2012
電大,12/28,1,,MOON STAGE,2012
西村道男（Parade）,12/28,1,,ASTRO ARENA,2012
遠藤孝行（FREAK AFFAIR）,12/28,1,,ASTRO ARENA,2012
保坂壮彦（soultoday）,12/28,1,,ASTRO ARENA,2012
HALCALI,12/28,1,,ASTRO ARENA,2012
ハヤシヒロユキ（POLYSICS）,12/28,1,,ASTRO ARENA,2012
上江洌.清作&The BK Sounds!!,12/28,1,,ASTRO ARENA,2012
WORLD ORDER,12/28,1,/wiki/WORLD_ORDER,ASTRO ARENA,2012
八王子P,12/28,1,,ASTRO ARENA,2012
NICO Touches the Walls,12/29,2,,EARTH STAGE,2012
フジファブリック,12/29,2,,EARTH STAGE,2012
ACIDMAN,12/29,2,,EARTH STAGE,2012
KREVA,12/29,2,,EARTH STAGE,2012
マキシマム ザ ホルモン,12/29,2,,EARTH STAGE,2012
サカナクション,12/29,2,,EARTH STAGE,2012
RIP SLYME,12/29,2,,EARTH STAGE,2012
GOOD4NOTHING,12/29,2,,GALAXY STAGE,2012
Nothing's Carved In Stone,12/29,2,,GALAXY STAGE,2012
山崎まさよし,12/29,2,/wiki/%E5%B1%B1%E5%B4%8E%E3%81%BE%E3%81%95%E3%82%88%E3%81%97,GALAXY STAGE,2012
ヒダカトオル（BAND SET）,12/29,2,,GALAXY STAGE,2012
高橋優,12/29,2,,GALAXY STAGE,2012
ZAZEN BOYS,12/29,2,,GALAXY STAGE,2012
dustbox,12/29,2,,GALAXY STAGE,2012
SHAKALABBITS,12/29,2,,GALAXY STAGE,2012
HINTO,12/29,2,,COSMO STAGE,2012
Galileo Galilei,12/29,2,,COSMO STAGE,2012
B-DASH,12/29,2,,COSMO STAGE,2012
甲斐バンド,12/29,2,,COSMO STAGE,2012
HEY-SMITH,12/29,2,/wiki/HEY-SMITH,COSMO STAGE,2012
ZIGZO,12/29,2,,COSMO STAGE,2012
日本マドンナ,12/29,2,,COSMO STAGE,2012
フラワーカンパニーズ,12/29,2,,COSMO STAGE,2012
The Flickers,12/29,2,/wiki/The_Flickers,MOON STAGE,2012
長澤知之,12/29,2,,MOON STAGE,2012
DEAD END,12/29,2,/wiki/DEAD_END_(%E3%83%90%E3%83%B3%E3%83%89),MOON STAGE,2012
SEAMO,12/29,2,,MOON STAGE,2012
TRICERATOPS,12/29,2,,MOON STAGE,2012
Hermann H.&The Pacemakers,12/29,2,/wiki/Hermann_H.%26The_Pacemakers,MOON STAGE,2012
Crossfaith,12/29,2,/wiki/Crossfaith,MOON STAGE,2012
plenty,12/29,2,,MOON STAGE,2012
遠藤孝行（FREAK AFFAIR）,12/29,2,,ASTRO ARENA,2012
前田博章（puke!）,12/29,2,,ASTRO ARENA,2012
石毛輝（the telephones）,12/29,2,,ASTRO ARENA,2012
アーバンギャルド,12/29,2,,ASTRO ARENA,2012
グレートマエカワ（フラワーカンパニーズ）,12/29,2,,ASTRO ARENA,2012
ダイノジ,12/29,2,,ASTRO ARENA,2012
UL,12/29,2,,ASTRO ARENA,2012
ピエール中野（凛として時雨）,12/29,2,,ASTRO ARENA,2012
チャットモンチー,12/30,3,,EARTH STAGE,2012
ORANGE RANGE,12/30,3,,EARTH STAGE,2012
阿部真央,12/30,3,,EARTH STAGE,2012
氣志團,12/30,3,,EARTH STAGE,2012
ザ・クロマニヨンズ,12/30,3,,EARTH STAGE,2012
グループ魂,12/30,3,,EARTH STAGE,2012
10-FEET,12/30,3,,EARTH STAGE,2012
TOTALFAT,12/30,3,,GALAXY STAGE,2012
HUSKING BEE,12/30,3,,GALAXY STAGE,2012
佐野元春 & THE COYOTE BAND,12/30,3,,GALAXY STAGE,2012
GOING UNDER GROUND,12/30,3,,GALAXY STAGE,2012
androp,12/30,3,,GALAXY STAGE,2012
スガシカオ,12/30,3,,GALAXY STAGE,2012
LOW IQ 01 & MASTER LOW,12/30,3,,GALAXY STAGE,2012
モーモールルギャバン,12/30,3,,GALAXY STAGE,2012
cero,12/30,3,,COSMO STAGE,2012
石鹸屋,12/30,3,/wiki/%E7%9F%B3%E9%B9%B8%E5%B1%8B_(%E3%83%90%E3%83%B3%E3%83%89),COSMO STAGE,2012
FRONTIER BACKYARD,12/30,3,,COSMO STAGE,2012
宇宙まお,12/30,3,/wiki/%E5%AE%87%E5%AE%99%E3%81%BE%E3%81%8A,COSMO STAGE,2012
MEANING,12/30,3,,COSMO STAGE,2012
OGRE YOU ASSHOLE,12/30,3,,COSMO STAGE,2012
曽我部恵一BAND,12/30,3,,COSMO STAGE,2012
ねごと,12/30,3,,COSMO STAGE,2012
清竜人,12/30,3,,MOON STAGE,2012
TRIPLANE,12/30,3,,MOON STAGE,2012
Rabbit,12/30,3,/wiki/Rabbit_(%E3%83%90%E3%83%B3%E3%83%89),MOON STAGE,2012
GLORY HILL,12/30,3,,MOON STAGE,2012
東京カランコロン,12/30,3,/wiki/%E6%9D%B1%E4%BA%AC%E3%82%AB%E3%83%A9%E3%83%B3%E3%82%B3%E3%83%AD%E3%83%B3,MOON STAGE,2012
PES,12/30,3,/wiki/PES,MOON STAGE,2012
ROTTENGRAFFTY,12/30,3,,MOON STAGE,2012
WHITE ASH,12/30,3,,MOON STAGE,2012
前田博章（puke!）,12/30,3,,ASTRO ARENA,2012
初音ミク×TeddyLoid,12/30,3,/wiki/%E5%88%9D%E9%9F%B3%E3%83%9F%E3%82%AF,ASTRO ARENA,2012
"松田""CHABE""岳二（CUBISMO GRAFICO）＆PANORAMA FAMILY",12/30,3,,ASTRO ARENA,2012
片平実（Getting Better）,12/30,3,,ASTRO ARENA,2012
Bunta＆Kuboty（TOTALFAT）,12/30,3,,ASTRO ARENA,2012
神啓文（FREE THROW）,12/30,3,,ASTRO ARENA,2012
RHYMESTER,12/30,3,,ASTRO ARENA,2012
capsule,12/30,3,,ASTRO ARENA,2012
吉川晃司,12/31,4,/wiki/%E5%90%89%E5%B7%9D%E6%99%83%E5%8F%B8,EARTH STAGE,2012
THE BAWDIES,12/31,4,,EARTH STAGE,2012
Base Ball Bear,12/31,4,,EARTH STAGE,2012
the HIATUS,12/31,4,,EARTH STAGE,2012
DIR EN GREY,12/31,4,,EARTH STAGE,2012
吉井和哉,12/31,4,,EARTH STAGE,2012
くるり,12/31,4,,EARTH STAGE,2012
POLYSICS,12/31,4,,EARTH STAGE,2012
UNISON SQUARE GARDEN,12/31,4,,GALAXY STAGE,2012
the band apart,12/31,4,,GALAXY STAGE,2012
三浦大知,12/31,4,,GALAXY STAGE,2012
ドレスコーズ,12/31,4,/wiki/%E3%83%89%E3%83%AC%E3%82%B9%E3%82%B3%E3%83%BC%E3%82%BA,GALAXY STAGE,2012
BONNIE PINK,12/31,4,/wiki/BONNIE_PINK,GALAXY STAGE,2012
藤巻亮太,12/31,4,/wiki/%E8%97%A4%E5%B7%BB%E4%BA%AE%E5%A4%AA,GALAXY STAGE,2012
back number,12/31,4,,GALAXY STAGE,2012
The Mirraz,12/31,4,,GALAXY STAGE,2012
People In The Box,12/31,4,,GALAXY STAGE,2012
bonobos,12/31,4,,GALAXY STAGE,2012
OKAMOTO'S,12/31,4,,GALAXY STAGE,2012
ART-SCHOOL,12/31,4,,GALAXY STAGE,2012
FLiP,12/31,4,,COSMO STAGE,2012
きのこ帝国,12/31,4,/wiki/%E3%81%8D%E3%81%AE%E3%81%93%E5%B8%9D%E5%9B%BD,COSMO STAGE,2012
真空ホロウ,12/31,4,,COSMO STAGE,2012
溝渕文,12/31,4,,COSMO STAGE,2012
DOES,12/31,4,,COSMO STAGE,2012
さめざめ,12/31,4,,COSMO STAGE,2012
lecca,12/31,4,,COSMO STAGE,2012
女王蜂,12/31,4,,COSMO STAGE,2012
アルカラ,12/31,4,,COSMO STAGE,2012
小林太郎,12/31,4,,COSMO STAGE,2012
BYEE the ROUND,12/31,4,/wiki/BYEE_the_ROUND,COSMO STAGE,2012
HaKU,12/31,4,/wiki/HaKU,COSMO STAGE,2012
忘れらんねえよ,12/31,4,/wiki/%E5%BF%98%E3%82%8C%E3%82%89%E3%82%93%E3%81%AD%E3%81%88%E3%82%88,COSMO STAGE,2012
te',12/31,4,,MOON STAGE,2012
the day,12/31,4,,MOON STAGE,2012
中田裕二,12/31,4,,MOON STAGE,2012
笹木ヘンドリクス,12/31,4,,MOON STAGE,2012
渋沢葉,12/31,4,/wiki/%E6%B8%8B%E6%B2%A2%E8%91%89,MOON STAGE,2012
さよなら、また今度ね,12/31,4,,MOON STAGE,2012
Scott & Rivers（From ALLiSTER & weezer）,12/31,4,,MOON STAGE,2012
LAST ALLIANCE,12/31,4,,MOON STAGE,2012
音速ライン,12/31,4,,MOON STAGE,2012
ソウル・フラワー・ユニオン,12/31,4,,MOON STAGE,2012
小南泰葉,12/31,4,/wiki/%E5%B0%8F%E5%8D%97%E6%B3%B0%E8%91%89,MOON STAGE,2012
OverTheDogs,12/31,4,,MOON STAGE,2012
THE BOHEMIANS,12/31,4,/wiki/THE_BOHEMIANS,MOON STAGE,2012
神啓文（FREE THROW）,12/31,4,,ASTRO ARENA,2012
西村道男（Parade）,12/31,4,,ASTRO ARENA,2012
"サイトウ""JxJx""ジュン（YOUR SONG IS GOOD）",12/31,4,,ASTRO ARENA,2012
TAKUMA（10-FEET）,12/31,4,,ASTRO ARENA,2012
group_inou,12/31,4,,ASTRO ARENA,2012
保坂壮彦（soultoday）,12/31,4,,ASTRO ARENA,2012
DJ KAYA,12/31,4,,ASTRO ARENA,2012
片平実（Getting Better）,12/31,4,,ASTRO ARENA,2012
やついいちろう（エレキコミック）,12/31,4,,ASTRO ARENA,2012
中川翔子,12/31,4,,ASTRO ARENA,2012
初音ミク×Teddyloid,12/31,4,,ASTRO ARENA,2012
ORANGE RANGE,12/28,1,/wiki/ORANGE_RANGE,EARTH STAGE,2013
[Champagne],12/28,1,,EARTH STAGE,2013
斉藤和義,12/28,1,/wiki/%E6%96%89%E8%97%A4%E5%92%8C%E7%BE%A9,EARTH STAGE,2013
フジファブリック,12/28,1,/wiki/%E3%83%95%E3%82%B8%E3%83%95%E3%82%A1%E3%83%96%E3%83%AA%E3%83%83%E3%82%AF,EARTH STAGE,2013
きゃりーぱみゅぱみゅ,12/28,1,/wiki/%E3%81%8D%E3%82%83%E3%82%8A%E3%83%BC%E3%81%B1%E3%81%BF%E3%82%85%E3%81%B1%E3%81%BF%E3%82%85,EARTH STAGE,2013
9mm Parabellum Bullet,12/28,1,/wiki/9mm_Parabellum_Bullet,EARTH STAGE,2013
くるり,12/28,1,/wiki/%E3%81%8F%E3%82%8B%E3%82%8A,EARTH STAGE,2013
前田敦子,12/28,1,/wiki/%E5%89%8D%E7%94%B0%E6%95%A6%E5%AD%90,GALAXY STAGE,2013
奥田民生,12/28,1,/wiki/%E5%A5%A5%E7%94%B0%E6%B0%91%E7%94%9F,GALAXY STAGE,2013
HEY-SMITH,12/28,1,/wiki/HEY-SMITH,GALAXY STAGE,2013
the band apart,12/28,1,/wiki/The_band_apart,GALAXY STAGE,2013
高橋優,12/28,1,/wiki/%E9%AB%98%E6%A9%8B%E5%84%AA,GALAXY STAGE,2013
KEMURI,12/28,1,/wiki/KEMURI,GALAXY STAGE,2013
dustbox,12/28,1,/wiki/Dustbox,GALAXY STAGE,2013
BIGMAMA,12/28,1,/wiki/BIGMAMA,GALAXY STAGE,2013
SEBASTIAN X,12/28,1,/wiki/SEBASTIAN_X,COSMO STAGE,2013
パスピエ,12/28,1,/wiki/%E3%83%91%E3%82%B9%E3%83%94%E3%82%A8_(%E3%83%90%E3%83%B3%E3%83%89),COSMO STAGE,2013
黒木渚,12/28,1,/wiki/%E9%BB%92%E6%9C%A8%E6%B8%9A,COSMO STAGE,2013
Large House Satisfaction,12/28,1,,COSMO STAGE,2013
The Flickers,12/28,1,/wiki/The_Flickers,COSMO STAGE,2013
Salley,12/28,1,/wiki/Salley,COSMO STAGE,2013
PUFFY,12/28,1,/wiki/PUFFY,COSMO STAGE,2013
BUZZ THE BEARS,12/28,1,,COSMO STAGE,2013
BLUE ENCOUNT,12/28,1,/wiki/BLUE_ENCOUNT,MOON STAGE,2013
SHAKALABBITS,12/28,1,/wiki/SHAKALABBITS,MOON STAGE,2013
SAKANAMON,12/28,1,/wiki/SAKANAMON,MOON STAGE,2013
キュウソネコカミ,12/28,1,/wiki/%E3%82%AD%E3%83%A5%E3%82%A6%E3%82%BD%E3%83%8D%E3%82%B3%E3%82%AB%E3%83%9F,MOON STAGE,2013
家入レオ,12/28,1,/wiki/%E5%AE%B6%E5%85%A5%E3%83%AC%E3%82%AA,MOON STAGE,2013
東京カランコロン,12/28,1,/wiki/%E6%9D%B1%E4%BA%AC%E3%82%AB%E3%83%A9%E3%83%B3%E3%82%B3%E3%83%AD%E3%83%B3,MOON STAGE,2013
シナリオアート,12/28,1,,MOON STAGE,2013
Galileo Galilei,12/28,1,/wiki/Galileo_Galilei,MOON STAGE,2013
miwa,12/29,2,,EARTH STAGE,2013
HY,12/29,2,,EARTH STAGE,2013
NICO Touches the Walls,12/29,2,,EARTH STAGE,2013
KREVA,12/29,2,,EARTH STAGE,2013
マキシマム ザ ホルモン,12/29,2,,EARTH STAGE,2013
ザ・クロマニヨンズ,12/29,2,,EARTH STAGE,2013
RIP SLYME,12/29,2,,EARTH STAGE,2013
GOOD4NOTHING,12/29,2,,GALAXY STAGE,2013
ASPARAGUS,12/29,2,,GALAXY STAGE,2013
SCANDAL,12/29,2,/wiki/SCANDAL_(%E6%97%A5%E6%9C%AC%E3%81%AE%E3%83%90%E3%83%B3%E3%83%89),GALAXY STAGE,2013
真心ブラザーズ,12/29,2,,GALAXY STAGE,2013
電気グルーヴ,12/29,2,,GALAXY STAGE,2013
SPECIAL OTHERS,12/29,2,,GALAXY STAGE,2013
ART-SCHOOL,12/29,2,,GALAXY STAGE,2013
coldrain,12/29,2,,GALAXY STAGE,2013
eastern youth,12/29,2,,COSMO STAGE,2013
THE CHERRY COKE$,12/29,2,/wiki/THE_CHERRY_COKE$,COSMO STAGE,2013
ZAZEN BOYS,12/29,2,,COSMO STAGE,2013
locofrank,12/29,2,,COSMO STAGE,2013
Northern19,12/29,2,,COSMO STAGE,2013
藍坊主,12/29,2,,COSMO STAGE,2013
ムック,12/29,2,,COSMO STAGE,2013
中田裕二,12/29,2,,COSMO STAGE,2013
真空ホロウ,12/29,2,,MOON STAGE,2013
Rihwa,12/29,2,/wiki/Rihwa,MOON STAGE,2013
CROSSFAITH,12/29,2,,MOON STAGE,2013
坂本真綾,12/29,2,/wiki/%E5%9D%82%E6%9C%AC%E7%9C%9F%E7%B6%BE,MOON STAGE,2013
The SALOVERS,12/29,2,/wiki/The_SALOVERS,MOON STAGE,2013
アルカラ,12/29,2,,MOON STAGE,2013
小林太郎,12/29,2,,MOON STAGE,2013
山崎まさよし,12/29,2,,MOON STAGE,2013
神啓文（FREE THROW）,12/29,2,,ASTRO ARENA,2013
チームしゃちほこ,12/29,2,/wiki/%E3%83%81%E3%83%BC%E3%83%A0%E3%81%97%E3%82%83%E3%81%A1%E3%81%BB%E3%81%93,ASTRO ARENA,2013
UL,12/29,2,,ASTRO ARENA,2013
avengers in sci-fi,12/29,2,,ASTRO ARENA,2013
東京女子流,12/29,2,/wiki/%E6%9D%B1%E4%BA%AC%E5%A5%B3%E5%AD%90%E6%B5%81,ASTRO ARENA,2013
奇妙礼太郎トラベルスイング楽団,12/29,2,/wiki/%E5%A5%87%E5%A6%99%E7%A4%BC%E5%A4%AA%E9%83%8E%E3%83%88%E3%83%A9%E3%83%99%E3%83%AB%E3%82%B9%E3%82%A4%E3%83%B3%E3%82%B0%E6%A5%BD%E5%9B%A3,ASTRO ARENA,2013
小室哲哉,12/29,2,/wiki/%E5%B0%8F%E5%AE%A4%E5%93%B2%E5%93%89,ASTRO ARENA,2013
グループ魂,12/30,3,/wiki/%E3%82%B0%E3%83%AB%E3%83%BC%E3%83%97%E9%AD%82,EARTH STAGE,2013
クリープハイプ,12/30,3,/wiki/%E3%82%AF%E3%83%AA%E3%83%BC%E3%83%97%E3%83%8F%E3%82%A4%E3%83%97,EARTH STAGE,2013
10-FEET,12/30,3,/wiki/10-FEET,EARTH STAGE,2013
Dragon Ash,12/30,3,/wiki/Dragon_Ash,EARTH STAGE,2013
東京スカパラダイスオーケストラ,12/30,3,,EARTH STAGE,2013
サカナクション,12/30,3,,EARTH STAGE,2013
BUMP OF CHICKEN,12/30,3,/wiki/BUMP_OF_CHICKEN,EARTH STAGE,2013
FLOWER FLOWER,12/30,3,/wiki/FLOWER_FLOWER,GALAXY STAGE,2013
HUSKING BEE,12/30,3,,GALAXY STAGE,2013
KANA-BOON,12/30,3,/wiki/KANA-BOON,GALAXY STAGE,2013
UNISON SQUARE GARDEN,12/30,3,,GALAXY STAGE,2013
androp,12/30,3,,GALAXY STAGE,2013
ストレイテナー,12/30,3,,GALAXY STAGE,2013
TOTALFAT,12/30,3,,GALAXY STAGE,2013
サンボマスター,12/30,3,,GALAXY STAGE,2013
かりゆし58,12/30,3,/wiki/%E3%81%8B%E3%82%8A%E3%82%86%E3%81%9758,COSMO STAGE,2013
KNOCK OUT MONKEY,12/30,3,/wiki/KNOCK_OUT_MONKEY,COSMO STAGE,2013
sukekiyo,12/30,3,/wiki/Sukekiyo,COSMO STAGE,2013
スガシカオ,12/30,3,,COSMO STAGE,2013
Wienners,12/30,3,/wiki/Wienners,COSMO STAGE,2013
tricot,12/30,3,/wiki/Tricot,COSMO STAGE,2013
ドレスコーズ,12/30,3,,COSMO STAGE,2013
グッドモーニングアメリカ,12/30,3,/wiki/%E3%82%B0%E3%83%83%E3%83%89%E3%83%A2%E3%83%BC%E3%83%8B%E3%83%B3%E3%82%B0%E3%82%A2%E3%83%A1%E3%83%AA%E3%82%AB,COSMO STAGE,2013
THE ORAL CIGARETTES,12/30,3,/wiki/THE_ORAL_CIGARETTES,MOON STAGE,2013
ザ・チャレンジ,12/30,3,/wiki/%E3%82%B6%E3%83%BB%E3%83%81%E3%83%A3%E3%83%AC%E3%83%B3%E3%82%B8_(%E3%83%90%E3%83%B3%E3%83%89),MOON STAGE,2013
Czecho No Republic,12/30,3,,MOON STAGE,2013
ねごと,12/30,3,,MOON STAGE,2013
宇宙まお,12/30,3,,MOON STAGE,2013
赤い公園,12/30,3,/wiki/%E8%B5%A4%E3%81%84%E5%85%AC%E5%9C%92,MOON STAGE,2013
KEYTALK,12/30,3,/wiki/KEYTALK,MOON STAGE,2013
忘れらんねえよ,12/30,3,,MOON STAGE,2013
保坂壮彦（ALL IS LOVE IS ALL）,12/30,3,,ASTRO ARENA,2013
BABYMETAL,12/30,3,/wiki/BABYMETAL,ASTRO ARENA,2013
Lyu:Lyu,12/30,3,/wiki/Lyu:Lyu,ASTRO ARENA,2013
℃-ute,12/30,3,/wiki/%E2%84%83-ute,ASTRO ARENA,2013
ヒトリエ,12/30,3,/wiki/%E3%83%92%E3%83%88%E3%83%AA%E3%82%A8,ASTRO ARENA,2013
TOKYO No.1 SOUL SET,12/30,3,,ASTRO ARENA,2013
じん feat. LiSA,12/30,3,/wiki/%E3%81%98%E3%82%93,ASTRO ARENA,2013
BRADBERRY ORCHESTRA,12/30,3,/wiki/BRADBERRY_ORCHESTRA,ASTRO ARENA,2013
DJやついいちろう,12/30,3,,ASTRO ARENA,2013
エレファントカシマシ,12/31,4,,EARTH STAGE,2013
Base Ball Bear,12/31,4,,EARTH STAGE,2013
吉井和哉,12/31,4,,EARTH STAGE,2013
ONE OK ROCK,12/31,4,,EARTH STAGE,2013
RADWIMPS,12/31,4,,EARTH STAGE,2013
the HIATUS,12/31,4,,EARTH STAGE,2013
MAN WITH A MISSION,12/31,4,,EARTH STAGE,2013
back number,12/31,4,,EARTH STAGE,2013
Nothing's Carved In Stone,12/31,4,,GALAXY STAGE,2013
佐野元春 & THE COYOTE BAND,12/31,4,,GALAXY STAGE,2013
The Mirraz,12/31,4,,GALAXY STAGE,2013
Chara×THE NOVEMBERS,12/31,4,,GALAXY STAGE,2013
POLYSICS,12/31,4,,GALAXY STAGE,2013
中川翔子,12/31,4,,GALAXY STAGE,2013
髭,12/31,4,,GALAXY STAGE,2013
THE BACK HORN,12/31,4,,GALAXY STAGE,2013
THE STARBEMS,12/31,4,/wiki/%E6%97%A5%E9%AB%98%E5%A4%AE#THE_STARBEMS,GALAXY STAGE,2013
モーモールルギャバン,12/31,4,,GALAXY STAGE,2013
B-DASH,12/31,4,,GALAXY STAGE,2013
DOES,12/31,4,,GALAXY STAGE,2013
MY FIRST STORY,12/31,4,/wiki/MY_FIRST_STORY,COSMO STAGE,2013
ハルカトミユキ,12/31,4,/wiki/%E3%83%8F%E3%83%AB%E3%82%AB%E3%83%88%E3%83%9F%E3%83%A6%E3%82%AD,COSMO STAGE,2013
片想い,12/31,4,,COSMO STAGE,2013
CHABO BAND,12/31,4,,COSMO STAGE,2013
plenty,12/31,4,,COSMO STAGE,2013
ROTTENGRAFFTY,12/31,4,,COSMO STAGE,2013
TRICERATOPS,12/31,4,,COSMO STAGE,2013
さよなら、また今度ね,12/31,4,,COSMO STAGE,2013
cero,12/31,4,/wiki/Cero_(%E3%83%90%E3%83%B3%E3%83%89),COSMO STAGE,2013
音速ライン,12/31,4,,COSMO STAGE,2013
Plastic Tree,12/31,4,,COSMO STAGE,2013
MONOBRIGHT,12/31,4,,COSMO STAGE,2013
ゲスの極み乙女。,12/31,4,/wiki/%E3%82%B2%E3%82%B9%E3%81%AE%E6%A5%B5%E3%81%BF%E4%B9%99%E5%A5%B3%E3%80%82,COSMO STAGE,2013
ホフディラン,12/31,4,,MOON STAGE,2013
LAST ALLIANCE,12/31,4,,MOON STAGE,2013
COMEBACK MY DAUGHTERS,12/31,4,,MOON STAGE,2013
cinema staff,12/31,4,,MOON STAGE,2013
フルカワユタカ,12/31,4,/wiki/%E3%83%95%E3%83%AB%E3%82%AB%E3%83%AF%E3%83%A6%E3%82%BF%E3%82%AB,MOON STAGE,2013
OKAMOTO'S,12/31,4,,MOON STAGE,2013
AA=,12/31,4,,MOON STAGE,2013
SHISHAMO,12/31,4,/wiki/SHISHAMO,MOON STAGE,2013
People In The Box,12/31,4,,MOON STAGE,2013
MO'SOME TONEBENDER,12/31,4,,MOON STAGE,2013
the chef cooks me,12/31,4,,MOON STAGE,2013
ピロカルピン,12/31,4,/wiki/%E3%83%94%E3%83%AD%E3%82%AB%E3%83%AB%E3%83%94%E3%83%B3,MOON STAGE,2013
Hemenway,12/31,4,/wiki/Hemenway,MOON STAGE,2013
片平実（Getting Better）,12/31,4,,ASTRO ARENA,2013
TEMPURA KIDZ,12/31,4,/wiki/TEMPURA_KIDZ,ASTRO ARENA,2013
luki,12/31,4,,ASTRO ARENA,2013
でんぱ組.inc,12/31,4,/wiki/%E3%81%A7%E3%82%93%E3%81%B1%E7%B5%84.inc,ASTRO ARENA,2013
group_inou,12/31,4,,ASTRO ARENA,2013
RHYMESTER,12/31,4,,ASTRO ARENA,2013
BiS,12/31,4,/wiki/BiS,ASTRO ARENA,2013
tofubeats,12/31,4,/wiki/Tofubeats,ASTRO ARENA,2013
ピエール中野（凛として時雨）,12/31,4,,ASTRO ARENA,2013
ハヤシヒロユキ（POLYSICS）,12/31,4,,ASTRO ARENA,2013
ダイノジ,12/31,4,,ASTRO ARENA,2013
＜ニューイヤーズボカロユニバース＞sasakure.UK、八王子P、kz（livetune）、DJ VocaNico,12/31,4,/wiki/Sasakure.UK,ASTRO ARENA,2013
フジファブリック,12/28,1,,EARTH STAGE,2014
miwa,12/28,1,,EARTH STAGE,2014
NICO Touches the Walls,12/28,1,,EARTH STAGE,2014
きゃりーぱみゅぱみゅ,12/28,1,,EARTH STAGE,2014
RIP SLYME,12/28,1,,EARTH STAGE,2014
木村カエラ,12/28,1,,EARTH STAGE,2014
星野源,12/28,1,,EARTH STAGE,2014
KEMURI,12/28,1,,GALAXY STAGE,2014
androp,12/28,1,,GALAXY STAGE,2014
HUSKING BEE,12/28,1,,GALAXY STAGE,2014
POLYSICS,12/28,1,,GALAXY STAGE,2014
WHITE ASH,12/28,1,,GALAXY STAGE,2014
dustbox,12/28,1,,GALAXY STAGE,2014
グッドモーニングアメリカ,12/28,1,,GALAXY STAGE,2014
the telephones,12/28,1,,GALAXY STAGE,2014
Galileo Galilei,12/28,1,,COSMO STAGE,2014
MEANING,12/28,1,,COSMO STAGE,2014
家入レオ,12/28,1,,COSMO STAGE,2014
SHANK,12/28,1,,COSMO STAGE,2014
THE TURTLES JAPAN,12/28,1,,COSMO STAGE,2014
Suck a Stew Dry,12/28,1,,COSMO STAGE,2014
locofrank,12/28,1,,COSMO STAGE,2014
空想委員会,12/28,1,,COSMO STAGE,2014
LiSA,12/28,1,,MOON STAGE,2014
BUZZ THE BEARS,12/28,1,,MOON STAGE,2014
藍坊主,12/28,1,,MOON STAGE,2014
GOOD ON THE REEL,12/28,1,/wiki/GOOD_ON_THE_REEL,MOON STAGE,2014
THE CHERRY COKE$,12/28,1,,MOON STAGE,2014
Silent Siren,12/28,1,,MOON STAGE,2014
OLDCODEX,12/28,1,,MOON STAGE,2014
This is Not a Business,12/28,1,,MOON STAGE,2014
片平実(Getting Better)[DJ],12/28,1,,ASTRO ARENA,2014
cero,12/28,1,,ASTRO ARENA,2014
avengers in sci-fi,12/28,1,,ASTRO ARENA,2014
Kalafina,12/28,1,,ASTRO ARENA,2014
BOOM BOOM SATELLITES(+edition),12/28,1,,ASTRO ARENA,2014
SWANKY DANK,12/28,1,,ASTRO ARENA,2014
ハヤシヒロユキ(POLYSICS)[DJ],12/28,1,,ASTRO ARENA,2014
CAPSULE,12/28,1,,ASTRO ARENA,2014
片平実[DJ],12/28,1,,ASTRO ARENA,2014
ORANGE RANGE,12/29,2,,EARTH STAGE,2014
KANA-BOON,12/29,2,,EARTH STAGE,2014
back number,12/29,2,,EARTH STAGE,2014
[Alexandros],12/29,2,,EARTH STAGE,2014
クリープハイプ,12/29,2,,EARTH STAGE,2014
マキシマム ザ ホルモン,12/29,2,,EARTH STAGE,2014
エレファントカシマシ,12/29,2,,EARTH STAGE,2014
ゲスの極み乙女。,12/29,2,,GALAXY STAGE,2014
DIR EN GREY,12/29,2,,GALAXY STAGE,2014
Gotch,12/29,2,,GALAXY STAGE,2014
電気グルーヴ,12/29,2,,GALAXY STAGE,2014
KEYTALK,12/29,2,,GALAXY STAGE,2014
TOTALFAT,12/29,2,,GALAXY STAGE,2014
サンフジンズ,12/29,2,,GALAXY STAGE,2014
ACIDMAN,12/29,2,,GALAXY STAGE,2014
the chef cooks me,12/29,2,,COSMO STAGE,2014
ZAZEN BOYS,12/29,2,,COSMO STAGE,2014
LAMP IN TERREN,12/29,2,/wiki/LAMP_IN_TERREN,COSMO STAGE,2014
tricot,12/29,2,,COSMO STAGE,2014
GRAPEVINE,12/29,2,,COSMO STAGE,2014
フレデリック,12/29,2,/wiki/%E3%83%95%E3%83%AC%E3%83%87%E3%83%AA%E3%83%83%E3%82%AF_(%E3%83%90%E3%83%B3%E3%83%89),COSMO STAGE,2014
赤い公園,12/29,2,,COSMO STAGE,2014
OKAMOTO'S,12/29,2,,COSMO STAGE,2014
PIGGY BANKS,12/29,2,,MOON STAGE,2014
℃-ute,12/29,2,,MOON STAGE,2014
中田裕二,12/29,2,,MOON STAGE,2014
SUPER BEAVER,12/29,2,,MOON STAGE,2014
真心ブラザーズ,12/29,2,,MOON STAGE,2014
plenty,12/29,2,,MOON STAGE,2014
LEGO BIG MORL,12/29,2,,MOON STAGE,2014
KNOCK OUT MONKEY,12/29,2,,MOON STAGE,2014
西村道男(Parade)[DJ],12/29,2,,ASTRO ARENA,2014
石毛輝(the telephones)[DJ],12/29,2,,ASTRO ARENA,2014
GOOD4NOTHING,12/29,2,,ASTRO ARENA,2014
[ASTRO SPECIAL]住岡梨奈・見田村千晴・山崎あおい・片平里菜,12/29,2,,ASTRO ARENA,2014
BACK DROP BOMBSPECIAL FORMATION SET,12/29,2,,ASTRO ARENA,2014
NEENEE,12/29,2,,ASTRO ARENA,2014
Scott&Rivers,12/29,2,,ASTRO ARENA,2014
RAM RIDER×TEMPURA KIDZ,12/29,2,,ASTRO ARENA,2014
川上洋平([Alexandros])[DJ],12/29,2,,ASTRO ARENA,2014
西村道男[DJ],12/29,2,,ASTRO ARENA,2014
9mm Parabellum Bullet,12/30,3,,EARTH STAGE,2014
くるり,12/30,3,,EARTH STAGE,2014
チャットモンチー,12/30,3,,EARTH STAGE,2014
10-FEET,12/30,3,,EARTH STAGE,2014
TM NETWORK,12/30,3,,EARTH STAGE,2014
ONE OK ROCK,12/30,3,,EARTH STAGE,2014
the HIATUS,12/30,3,,EARTH STAGE,2014
SCANDAL,12/30,3,,GALAXY STAGE,2014
アルカラ,12/30,3,,GALAXY STAGE,2014
ROTTENGRAFFTY,12/30,3,,GALAXY STAGE,2014
Chara x 韻シストBAND,12/30,3,,GALAXY STAGE,2014
UNISON SQUARE GARDEN,12/30,3,,GALAXY STAGE,2014
Nothing's Carved In Stone,12/30,3,,GALAXY STAGE,2014
キュウソネコカミ,12/30,3,,GALAXY STAGE,2014
パスピエ,12/30,3,,GALAXY STAGE,2014
ANGRY FROG REBIRTH,12/30,3,,COSMO STAGE,2014
チームしゃちほこ,12/30,3,,COSMO STAGE,2014
THE ORAL CIGARETTES,12/30,3,,COSMO STAGE,2014
きのこ帝国,12/30,3,,COSMO STAGE,2014
佐野元春 and THE COYOTE BAND,12/30,3,,COSMO STAGE,2014
忘れらんねえよ,12/30,3,,COSMO STAGE,2014
ねごと,12/30,3,,COSMO STAGE,2014
スガ シカオ,12/30,3,,COSMO STAGE,2014
TarO&JirO,12/30,3,,MOON STAGE,2014
宇宙まお,12/30,3,,MOON STAGE,2014
"仲井戸""CHABO""麗市",12/30,3,,MOON STAGE,2014
坂本真綾,12/30,3,,MOON STAGE,2014
MERRY,12/30,3,,MOON STAGE,2014
jamming O.P.,12/30,3,,MOON STAGE,2014
大森靖子&THEピンクトカレフ,12/30,3,,MOON STAGE,2014
indigo la End,12/30,3,,MOON STAGE,2014
神啓文(FREE THROW)[DJ],12/30,3,,ASTRO ARENA,2014
BLUE ENCOUNT,12/30,3,,ASTRO ARENA,2014
Hello Sleepwalkers,12/30,3,,ASTRO ARENA,2014
sukekiyo,12/30,3,,ASTRO ARENA,2014
Gacharic Spin,12/30,3,,ASTRO ARENA,2014
tofubeats,12/30,3,,ASTRO ARENA,2014
Czecho No Republic,12/30,3,,ASTRO ARENA,2014
タナシンドローム[DJ],12/30,3,,ASTRO ARENA,2014
TAKUMA(10-FEET)[DJ],12/30,3,,ASTRO ARENA,2014
ピエール中野(凛として時雨)[DJ],12/30,3,,ASTRO ARENA,2014
神啓文[DJ],12/30,3,,ASTRO ARENA,2014
グループ魂,12/31,4,,EARTH STAGE,2014
スキマスイッチ,12/31,4,,EARTH STAGE,2014
Base Ball Bear,12/31,4,,EARTH STAGE,2014
ストレイテナー,12/31,4,,EARTH STAGE,2014
Superfly,12/31,4,,EARTH STAGE,2014
Dragon Ash,12/31,4,,EARTH STAGE,2014
KREVA,12/31,4,,EARTH STAGE,2014
サンボマスター,12/31,4,,EARTH STAGE,2014
SPECIAL OTHERS,12/31,4,,GALAXY STAGE,2014
ART-SCHOOL,12/31,4,,GALAXY STAGE,2014
DOES,12/31,4,,GALAXY STAGE,2014
東京カランコロン,12/31,4,,GALAXY STAGE,2014
THE BAWDIES,12/31,4,,GALAXY STAGE,2014
ASPARAGUS,12/31,4,,GALAXY STAGE,2014
でんぱ組.inc,12/31,4,,GALAXY STAGE,2014
BIGMAMA,12/31,4,,GALAXY STAGE,2014
The Mirraz,12/31,4,,GALAXY STAGE,2014
People In The Box,12/31,4,,GALAXY STAGE,2014
the band apart,12/31,4,,GALAXY STAGE,2014
B-DASH,12/31,4,,GALAXY STAGE,2014
Noise and milk,12/31,4,,COSMO STAGE,2014
シシド・カフカ,12/31,4,,COSMO STAGE,2014
ヒステリックパニック,12/31,4,,COSMO STAGE,2014
AA=,12/31,4,,COSMO STAGE,2014
シナリオアート,12/31,4,,COSMO STAGE,2014
04 Limited Sazabys,12/31,4,,COSMO STAGE,2014
phatmans after school,12/31,4,,COSMO STAGE,2014
ヒトリエ,12/31,4,,COSMO STAGE,2014
SAKANAMON,12/31,4,,COSMO STAGE,2014
女王蜂,12/31,4,,COSMO STAGE,2014
HAPPY,12/31,4,,COSMO STAGE,2014
竹原ピストル(ズ),12/31,4,,COSMO STAGE,2014
真空ホロウ,12/31,4,,COSMO STAGE,2014
QOOLAND,12/31,4,,MOON STAGE,2014
go!go!vanillas,12/31,4,,MOON STAGE,2014
赤色のグリッター,12/31,4,,MOON STAGE,2014
AIR SWELL,12/31,4,,MOON STAGE,2014
Fly or Die(マキタスポーツ),12/31,4,,MOON STAGE,2014
さよなら、また今度ね,12/31,4,,MOON STAGE,2014
C&K,12/31,4,,MOON STAGE,2014
小林太郎,12/31,4,,MOON STAGE,2014
The Flickers,12/31,4,,MOON STAGE,2014
THREE LIGHTS DOWN KINGS,12/31,4,,MOON STAGE,2014
a crowd of rebellion,12/31,4,,MOON STAGE,2014
0.8秒と衝撃。,12/31,4,,MOON STAGE,2014
Kidori Kidori,12/31,4,,MOON STAGE,2014
片平実(Getting Better)[DJ],12/31,4,,ASTRO ARENA,2014
80KIDZ,12/31,4,,ASTRO ARENA,2014
DJダイノジ(大地洋輔)[DJ],12/31,4,,ASTRO ARENA,2014
luki,12/31,4,,ASTRO ARENA,2014
清 竜人25,12/31,4,,ASTRO ARENA,2014
RHYMESTER,12/31,4,,ASTRO ARENA,2014
UL,12/31,4,,ASTRO ARENA,2014
[ASTRO SPECIAL]井上苑子・新山詩織・Saku・植田真梨恵,12/31,4,,ASTRO ARENA,2014
DJやついいちろう(エレキコミック)[DJ],12/31,4,,ASTRO ARENA,2014
沙田瑞紀(ねごと)[DJ],12/31,4,,ASTRO ARENA,2014
柴田隆浩(忘れらんねえよ)[DJ],12/31,4,,ASTRO ARENA,2014
Czecho No Republic(DJ set)[DJ],12/31,4,,ASTRO ARENA,2014
オカモトレイジ(OKAMOTO'S)[DJ],12/31,4,,ASTRO ARENA,2014
片平実[DJ],12/31,4,,ASTRO ARENA,2014
ゴールデンボンバー,12/28,1,/wiki/%E3%82%B4%E3%83%BC%E3%83%AB%E3%83%87%E3%83%B3%E3%83%9C%E3%83%B3%E3%83%90%E3%83%BC,EARTH STAGE,2015
レキシ,12/28,1,/wiki/%E3%83%AC%E3%82%AD%E3%82%B7,EARTH STAGE,2015
miwa,12/28,1,/wiki/Miwa,EARTH STAGE,2015
きゃりーぱみゅぱみゅ,12/28,1,/wiki/%E3%81%8D%E3%82%83%E3%82%8A%E3%83%BC%E3%81%B1%E3%81%BF%E3%82%85%E3%81%B1%E3%81%BF%E3%82%85,EARTH STAGE,2015
BABYMETAL,12/28,1,/wiki/BABYMETAL,EARTH STAGE,2015
くるり,12/28,1,/wiki/%E3%81%8F%E3%82%8B%E3%82%8A,EARTH STAGE,2015
ASIAN KUNG-FU GENERATION,12/28,1,/wiki/ASIAN_KUNG-FU_GENERATION,EARTH STAGE,2015
Crossfaith,12/28,1,/wiki/Crossfaith,GALAXY STAGE,2015
indigo la End,12/28,1,/wiki/Indigo_la_End,GALAXY STAGE,2015
アルカラ,12/28,1,/wiki/%E3%82%A2%E3%83%AB%E3%82%AB%E3%83%A9,GALAXY STAGE,2015
04 Limited Sazabys,12/28,1,/wiki/04_Limited_Sazabys,GALAXY STAGE,2015
HEY-SMITH,12/28,1,/wiki/HEY-SMITH,GALAXY STAGE,2015
フジファブリック,12/28,1,/wiki/%E3%83%95%E3%82%B8%E3%83%95%E3%82%A1%E3%83%96%E3%83%AA%E3%83%83%E3%82%AF,GALAXY STAGE,2015
androp,12/28,1,/wiki/Androp,GALAXY STAGE,2015
coldrain,12/28,1,/wiki/Coldrain,GALAXY STAGE,2015
Aimer,12/28,1,/wiki/Aimer,COSMO STAGE,2015
a crowd of rebellion,12/28,1,/wiki/A_crowd_of_rebellion,COSMO STAGE,2015
赤い公園,12/28,1,/wiki/%E8%B5%A4%E3%81%84%E5%85%AC%E5%9C%92,COSMO STAGE,2015
モノブライト,12/28,1,/wiki/%E3%83%A2%E3%83%8E%E3%83%96%E3%83%A9%E3%82%A4%E3%83%88,COSMO STAGE,2015
サンフジンズ,12/28,1,/wiki/%E3%82%B5%E3%83%B3%E3%83%95%E3%82%B8%E3%83%B3%E3%82%BA,COSMO STAGE,2015
Aqua Timez,12/28,1,/wiki/Aqua_Timez,COSMO STAGE,2015
Silent Siren,12/28,1,/wiki/Silent_Siren,COSMO STAGE,2015
LiSA,12/28,1,/wiki/LiSA,COSMO STAGE,2015
響心 SoundsorChestrA,12/28,1,,MOON STAGE,2015
Crystal Lake,12/28,1,,MOON STAGE,2015
Kalafina,12/28,1,,MOON STAGE,2015
SWANKY DANK,12/28,1,,MOON STAGE,2015
OLDCODEX,12/28,1,,MOON STAGE,2015
じん,12/28,1,,MOON STAGE,2015
Rhythmic Toy World,12/28,1,,MOON STAGE,2015
茅原実里,12/28,1,,MOON STAGE,2015
黒猫チェルシー,12/28,1,,MOON STAGE,2015
DJ'TEKINA//SOMETHING a.k.a ゆよゆっぺ[DJ],12/28,1,,ASTRO ARENA,2015
三戸なつめ,12/28,1,,ASTRO ARENA,2015
ヒステリックパニック,12/28,1,,ASTRO ARENA,2015
藍井エイル,12/28,1,,ASTRO ARENA,2015
PHONO TONES,12/28,1,,ASTRO ARENA,2015
tofubeats,12/28,1,,ASTRO ARENA,2015
マキタスポーツ presents Fly or Die,12/28,1,,ASTRO ARENA,2015
TEMPURA KIDZ,12/28,1,,ASTRO ARENA,2015
CAPSULE,12/28,1,,ASTRO ARENA,2015
グループ魂,12/29,2,/wiki/%E3%82%B0%E3%83%AB%E3%83%BC%E3%83%97%E9%AD%82,EARTH STAGE,2015
Dragon Ash,12/29,2,/wiki/Dragon_Ash,EARTH STAGE,2015
MONGOL800,12/29,2,/wiki/MONGOL800,EARTH STAGE,2015
でんぱ組.inc,12/29,2,/wiki/%E3%81%A7%E3%82%93%E3%81%B1%E7%B5%84.inc,EARTH STAGE,2015
木村カエラ,12/29,2,/wiki/%E6%9C%A8%E6%9D%91%E3%82%AB%E3%82%A8%E3%83%A9,EARTH STAGE,2015
MAN WITH A MISSION,12/29,2,/wiki/MAN_WITH_A_MISSION,EARTH STAGE,2015
[Alexandros],12/29,2,/wiki/Alexandros,EARTH STAGE,2015
amazarashi,12/29,2,,GALAXY STAGE,2015
キュウソネコカミ,12/29,2,,GALAXY STAGE,2015
BIGMAMA,12/29,2,,GALAXY STAGE,2015
ストレイテナー,12/29,2,,GALAXY STAGE,2015
TOTALFAT,12/29,2,,GALAXY STAGE,2015
THE ORAL CIGARETTES,12/29,2,,GALAXY STAGE,2015
KEYTALK,12/29,2,,GALAXY STAGE,2015
ROTTENGRAFFTY,12/29,2,,GALAXY STAGE,2015
The BONEZ,12/29,2,,COSMO STAGE,2015
ZAZEN BOYS,12/29,2,,COSMO STAGE,2015
フレデリック,12/29,2,,COSMO STAGE,2015
YEN TOWN BAND,12/29,2,,COSMO STAGE,2015
SAKANAMON,12/29,2,,COSMO STAGE,2015
MY FIRST STORY,12/29,2,,COSMO STAGE,2015
チームしゃちほこ,12/29,2,,COSMO STAGE,2015
東京カランコロン,12/29,2,,COSMO STAGE,2015
G-FREAK FACTORY,12/29,2,,MOON STAGE,2015
Bentham,12/29,2,/wiki/Bentham_(%E3%83%90%E3%83%B3%E3%83%89),MOON STAGE,2015
空想委員会,12/29,2,,MOON STAGE,2015
HUSKING BEE,12/29,2,,MOON STAGE,2015
TETSUYA,12/29,2,,MOON STAGE,2015
AIR SWELL,12/29,2,,MOON STAGE,2015
GRAPEVINE,12/29,2,,MOON STAGE,2015
AA=,12/29,2,,MOON STAGE,2015
DJ和[DJ],12/29,2,,ASTRO ARENA,2015
ハヤシヒロユキ(POLYSICS)[DJ],12/29,2,,ASTRO ARENA,2015
魔法少女になり隊,12/29,2,,ASTRO ARENA,2015
avengers in sci-fi,12/29,2,,ASTRO ARENA,2015
TOO YOUNG TO DIE!(神木隆之介＋宮藤官九郎),12/29,2,,ASTRO ARENA,2015
luki,12/29,2,,ASTRO ARENA,2015
タナシンドローム[DJ],12/29,2,,ASTRO ARENA,2015
DJやついいちろう(エレキコミック)[DJ],12/29,2,,ASTRO ARENA,2015
とんかつDJアゲ太郎と藤原大輔(MU-STARS)[DJ],12/29,2,,ASTRO ARENA,2015
ORANGE RANGE,12/30,3,,EARTH STAGE,2015
クリープハイプ,12/30,3,,EARTH STAGE,2015
東京スカパラダイスオーケストラ,12/30,3,,EARTH STAGE,2015
湘南乃風,12/30,3,,EARTH STAGE,2015
back number,12/30,3,,EARTH STAGE,2015
KANA-BOON,12/30,3,,EARTH STAGE,2015
サカナクション,12/30,3,,EARTH STAGE,2015
WANIMA,12/30,3,,GALAXY STAGE,2015
9mm Parabellum Bullet,12/30,3,,GALAXY STAGE,2015
Nothing's Carved In Stone,12/30,3,,GALAXY STAGE,2015
パスピエ,12/30,3,,GALAXY STAGE,2015
BLUE ENCOUNT,12/30,3,,GALAXY STAGE,2015
THE BAWDIES,12/30,3,,GALAXY STAGE,2015
電気グルーヴ,12/30,3,,GALAXY STAGE,2015
ACIDMAN,12/30,3,,GALAXY STAGE,2015
ねごと,12/30,3,,COSMO STAGE,2015
OKAMOTO'S,12/30,3,,COSMO STAGE,2015
大塚愛,12/30,3,,COSMO STAGE,2015
MUCC,12/30,3,,COSMO STAGE,2015
GOOD ON THE REEL,12/30,3,,COSMO STAGE,2015
Mrs. GREEN APPLE,12/30,3,,COSMO STAGE,2015
GOOD4NOTHING,12/30,3,,COSMO STAGE,2015
SUPER BEAVER,12/30,3,,COSMO STAGE,2015
cero,12/30,3,,MOON STAGE,2015
NOISEMAKER,12/30,3,,MOON STAGE,2015
大森靖子,12/30,3,,MOON STAGE,2015
シナリオアート,12/30,3,,MOON STAGE,2015
ROACH,12/30,3,,MOON STAGE,2015
DAOKO,12/30,3,,MOON STAGE,2015
DECAYS,12/30,3,,MOON STAGE,2015
忘れらんねえよ,12/30,3,,MOON STAGE,2015
kz(livetune)[DJ],12/30,3,,ASTRO ARENA,2015
Little Glee Monster,12/30,3,,ASTRO ARENA,2015
グッドモーニングアメリカ,12/30,3,,ASTRO ARENA,2015
The Mirraz,12/30,3,,ASTRO ARENA,2015
夜の本気ダンス,12/30,3,,ASTRO ARENA,2015
DJピエール中野[DJ],12/30,3,,ASTRO ARENA,2015
a flood of circle,12/30,3,,ASTRO ARENA,2015
locofrank,12/30,3,,ASTRO ARENA,2015
てんぷらDJアゲまさ a.k.a.小野武正(KEYTALK)[DJ],12/30,3,,ASTRO ARENA,2015
the HIATUS,12/31,4,,EARTH STAGE,2015
スキマスイッチ,12/31,4,,EARTH STAGE,2015
サンボマスター,12/31,4,,EARTH STAGE,2015
エレファントカシマシ,12/31,4,,EARTH STAGE,2015
ウルフルズ,12/31,4,,EARTH STAGE,2015
BUMP OF CHICKEN,12/31,4,,EARTH STAGE,2015
10-FEET,12/31,4,,EARTH STAGE,2015
BLUE ENCOUNT,12/31,4,,EARTH STAGE,2015
POLYSICS,12/31,4,,GALAXY STAGE,2015
The Birthday,12/31,4,,GALAXY STAGE,2015
THE BACK HORN,12/31,4,,GALAXY STAGE,2015
WHITE ASH,12/31,4,,GALAXY STAGE,2015
Base Ball Bear,12/31,4,,GALAXY STAGE,2015
MONOEYES,12/31,4,,GALAXY STAGE,2015
ASPARAGUS,12/31,4,,GALAXY STAGE,2015
Czecho No Republic,12/31,4,,GALAXY STAGE,2015
SPECIAL OTHERS,12/31,4,,GALAXY STAGE,2015
dustbox,12/31,4,,GALAXY STAGE,2015
SCANDAL,12/31,4,,GALAXY STAGE,2015
ART-SCHOOL,12/31,4,,GALAXY STAGE,2015
Kidori Kidori,12/31,4,,COSMO STAGE,2015
the band apart,12/31,4,,COSMO STAGE,2015
LAMP IN TERREN,12/31,4,,COSMO STAGE,2015
SHANK,12/31,4,,COSMO STAGE,2015
The Flickers,12/31,4,,COSMO STAGE,2015
OGRE YOU ASSHOLE,12/31,4,,COSMO STAGE,2015
go!go!vanillas,12/31,4,,COSMO STAGE,2015
ドレスコーズ,12/31,4,,COSMO STAGE,2015
シシド・カフカ,12/31,4,,COSMO STAGE,2015
KNOCK OUT MONKEY,12/31,4,,COSMO STAGE,2015
BRADIO,12/31,4,,COSMO STAGE,2015
ALL OFF,12/31,4,,COSMO STAGE,2015
BUZZ THE BEARS,12/31,4,,COSMO STAGE,2015
I PROMISED ONCE,12/31,4,/wiki/I_PROMISED_ONCE,MOON STAGE,2015
麗蘭,12/31,4,,MOON STAGE,2015
佐野元春 and THE COYOTE BAND,12/31,4,,MOON STAGE,2015
め組,12/31,4,,MOON STAGE,2015
NUBO,12/31,4,,MOON STAGE,2015
宇宙まお,12/31,4,,MOON STAGE,2015
ヒトリエ,12/31,4,,MOON STAGE,2015
GLIM SPANKY,12/31,4,,MOON STAGE,2015
ハルカトミユキ,12/31,4,,MOON STAGE,2015
plenty,12/31,4,,MOON STAGE,2015
ドラマチックアラスカ,12/31,4,,MOON STAGE,2015
小南泰葉,12/31,4,,MOON STAGE,2015
小林太郎,12/31,4,,MOON STAGE,2015
Suck a Stew Dry,12/31,4,,MOON STAGE,2015
DJ和[DJ],12/31,4,,ASTRO ARENA,2015
Charisma.com,12/31,4,,ASTRO ARENA,2015
The fin.,12/31,4,,ASTRO ARENA,2015
Shiggy Jr.,12/31,4,,ASTRO ARENA,2015
Suchmos,12/31,4,,ASTRO ARENA,2015
Lyu:Lyu,12/31,4,,ASTRO ARENA,2015
清 竜人25,12/31,4,,ASTRO ARENA,2015
水曜日のカンパネラ,12/31,4,,ASTRO ARENA,2015
CREAM,12/31,4,,ASTRO ARENA,2015
DJダイノジ[DJ],12/31,4,,ASTRO ARENA,2015
banvox[DJ],12/31,4,,ASTRO ARENA,2015
オカモトレイジ(OKAMOTO'S)[DJ],12/31,4,,ASTRO ARENA,2015
出口博之(モノブライト)[DJ],12/31,4,,ASTRO ARENA,2015
柴田隆浩(忘れらんねえよ)[DJ],12/31,4,,ASTRO ARENA,2015
ゴールデンボンバー,12/28,1,,EARTH STAGE,2016
miwa,12/28,1,,EARTH STAGE,2016
KEYTALK,12/28,1,,EARTH STAGE,2016
KREVA,12/28,1,,EARTH STAGE,2016
Perfume,12/28,1,,EARTH STAGE,2016
ORANGE RANGE,12/28,1,,EARTH STAGE,2016
back number,12/28,1,,EARTH STAGE,2016
amazarashi,12/28,1,,GALAXY STAGE,2016
ナオト・インティライミ,12/28,1,,GALAXY STAGE,2016
水曜日のカンパネラ,12/28,1,,GALAXY STAGE,2016
欅坂46,12/28,1,/wiki/%E6%AC%85%E5%9D%8246,GALAXY STAGE,2016
でんぱ組.inc,12/28,1,,GALAXY STAGE,2016
Mrs. GREEN APPLE,12/28,1,,GALAXY STAGE,2016
THE ORAL CIGARETTES,12/28,1,,GALAXY STAGE,2016
ACIDMAN,12/28,1,,GALAXY STAGE,2016
ヤバイTシャツ屋さん,12/28,1,/wiki/%E3%83%A4%E3%83%90%E3%82%A4T%E3%82%B7%E3%83%A3%E3%83%84%E5%B1%8B%E3%81%95%E3%82%93,COSMO STAGE,2016
SKY-HI,12/28,1,/wiki/SKY-HI,COSMO STAGE,2016
藤原さくら,12/28,1,,COSMO STAGE,2016
Aqua Timez,12/28,1,,COSMO STAGE,2016
上白石萌音,12/28,1,/wiki/%E4%B8%8A%E7%99%BD%E7%9F%B3%E8%90%8C%E9%9F%B3,COSMO STAGE,2016
SUPER BEAVER,12/28,1,,COSMO STAGE,2016
℃-ute,12/28,1,/wiki/%E2%84%83-ute,COSMO STAGE,2016
POLYSICS,12/28,1,,COSMO STAGE,2016
三戸なつめ,12/28,1,,MOON STAGE,2016
SAKANAMON,12/28,1,,MOON STAGE,2016
女王蜂,12/28,1,,MOON STAGE,2016
Hello Speakwalker,12/28,1,,MOON STAGE,2016
Bentham,12/28,1,,MOON STAGE,2016
lynch.,12/28,1,/wiki/Lynch.,MOON STAGE,2016
マキタスポーツ presents Fly or Die,12/28,1,,MOON STAGE,2016
Silent Siren,12/28,1,,MOON STAGE,2016
出口博之(モノブライト)[DJ],12/28,1,,ASTRO ARENA,2016
魔法少女になり隊,12/28,1,,ASTRO ARENA,2016
平井大,12/28,1,/wiki/%E5%B9%B3%E4%BA%95%E5%A4%A7,ASTRO ARENA,2016
WHITE ASH,12/28,1,,ASTRO ARENA,2016
黒猫チェルシー,12/28,1,,ASTRO ARENA,2016
lecca,12/28,1,/wiki/Lecca,ASTRO ARENA,2016
四星球,12/28,1,/wiki/%E5%9B%9B%E6%98%9F%E7%90%83,ASTRO ARENA,2016
Little Glee Monster,12/28,1,,ASTRO ARENA,2016
DJピエール中野[DJ],12/28,1,,ASTRO ARENA,2016
レキシ,12/29,2,,EARTH STAGE,2016
キュウソネコカミ,12/29,2,,EARTH STAGE,2016
WANIMA,12/29,2,,EARTH STAGE,2016
湘南乃風,12/29,2,,EARTH STAGE,2016
ユニコーン,12/29,2,,EARTH STAGE,2016
[Alexandros],12/29,2,,EARTH STAGE,2016
10-FEET,12/29,2,,EARTH STAGE,2016
ROTTENGRAFFTY,12/29,2,,GALAXY STAGE,2016
スキマスイッチ,12/29,2,,GALAXY STAGE,2016
フレデリック,12/29,2,,GALAXY STAGE,2016
BLUE ENCOUNT,12/29,2,,GALAXY STAGE,2016
04 Limited Sazabys,12/29,2,,GALAXY STAGE,2016
MY FIRST STORY,12/29,2,,GALAXY STAGE,2016
くるり,12/29,2,,GALAXY STAGE,2016
LiSA,12/29,2,,GALAXY STAGE,2016
あゆみくりかまき,12/29,2,,COSMO STAGE,2016
ASPARAGUS,12/29,2,,COSMO STAGE,2016
ZAZEN BOYS,12/29,2,,COSMO STAGE,2016
The Birthday,12/29,2,,COSMO STAGE,2016
sumika,12/29,2,/wiki/Sumika,COSMO STAGE,2016
Aimer,12/29,2,,COSMO STAGE,2016
GOOD ON THE REEL,12/29,2,,COSMO STAGE,2016
go!go!vanillas,12/29,2,,COSMO STAGE,2016
DAOKO,12/29,2,,MOON STAGE,2016
SHANK,12/29,2,,MOON STAGE,2016
BACK DROP BOMB,12/29,2,,MOON STAGE,2016
Kalafina,12/29,2,,MOON STAGE,2016
OLDCODEX,12/29,2,,MOON STAGE,2016
宇宙まお,12/29,2,,MOON STAGE,2016
BURNOUT SYNDROMES,12/29,2,,MOON STAGE,2016
アルカラ,12/29,2,,MOON STAGE,2016
DJ'TEKINA//SOMETHING a.k.a ゆよゆっぺ[DJ],12/29,2,,ASTRO ARENA,2016
さユり,12/29,2,/wiki/%E3%81%95%E3%83%A6%E3%82%8A,ASTRO ARENA,2016
GOOD4NOTHING,12/29,2,,ASTRO ARENA,2016
パスピエ,12/29,2,,ASTRO ARENA,2016
感覚ピエロ,12/29,2,/wiki/%E6%84%9F%E8%A6%9A%E3%83%94%E3%82%A8%E3%83%AD,ASTRO ARENA,2016
ドレスコーズ,12/29,2,,ASTRO ARENA,2016
fripSide,12/29,2,,ASTRO ARENA,2016
柴田隆浩(忘れらんねえよ)[DJ],12/29,2,,ASTRO ARENA,2016
てんぷらDJアゲまさ a.k.a.小野武正(KEYTALK)[DJ],12/29,2,,ASTRO ARENA,2016
MONGOL800,12/30,3,,EARTH STAGE,2016
クリープハイプ,12/30,3,,EARTH STAGE,2016
東京スカパラダイスオーケストラ,12/30,3,,EARTH STAGE,2016
KANA-BOON,12/30,3,,EARTH STAGE,2016
MONOEYES,12/30,3,,EARTH STAGE,2016
RIP SLYME,12/30,3,,EARTH STAGE,2016
サカナクション,12/30,3,,EARTH STAGE,2016
岡崎体育,12/30,3,/wiki/%E5%B2%A1%E5%B4%8E%E4%BD%93%E8%82%B2,GALAXY STAGE,2016
ストレイテナー,12/30,3,,GALAXY STAGE,2016
TOTALFAT,12/30,3,,GALAXY STAGE,2016
フジファブリック,12/30,3,,GALAXY STAGE,2016
木村カエラ,12/30,3,,GALAXY STAGE,2016
Cocco,12/30,3,,GALAXY STAGE,2016
BIGMAMA,12/30,3,,GALAXY STAGE,2016
UNISON SQUARE GARDEN,12/30,3,,GALAXY STAGE,2016
GLIM SPANKY,12/30,3,,COSMO STAGE,2016
シナリオアート,12/30,3,,COSMO STAGE,2016
サニーデイ・サービス,12/30,3,,COSMO STAGE,2016
空想委員会,12/30,3,,COSMO STAGE,2016
きのこ帝国,12/30,3,,COSMO STAGE,2016
OKAMOTO'S,12/30,3,,COSMO STAGE,2016
Czecho No Republic,12/30,3,,COSMO STAGE,2016
Gotch & The Good New Times,12/30,3,,COSMO STAGE,2016
lovefilm,12/30,3,/wiki/Lovefilm,MOON STAGE,2016
佐野元春 and THE COYOTE BAND,12/30,3,,MOON STAGE,2016
雨のパレード,12/30,3,,MOON STAGE,2016
HUSKING BEE,12/30,3,,MOON STAGE,2016
おいしくるメロンパン,12/30,3,/wiki/%E3%81%8A%E3%81%84%E3%81%97%E3%81%8F%E3%82%8B%E3%83%A1%E3%83%AD%E3%83%B3%E3%83%91%E3%83%B3,MOON STAGE,2016
yonige,12/30,3,/wiki/Yonige,MOON STAGE,2016
DECAYS,12/30,3,,MOON STAGE,2016
ヒステリックパニック,12/30,3,,MOON STAGE,2016
kz(livetune)[DJ],12/30,3,,ASTRO ARENA,2016
FRONTIER BACKYARD,12/30,3,,ASTRO ARENA,2016
wacci,12/30,3,/wiki/Wacci,ASTRO ARENA,2016
グッドモーニングアメリカ,12/30,3,,ASTRO ARENA,2016
HUN-KUN,12/30,3,,ASTRO ARENA,2016
never young berch,12/30,3,/w/index.php?title=Never_young_berch&action=edit&redlink=1,ASTRO ARENA,2016
Suchmos,12/30,3,,ASTRO ARENA,2016
タナシンドローム[DJ],12/30,3,,ASTRO ARENA,2016
DJダイノジ[DJ],12/30,3,,ASTRO ARENA,2016
グループ魂,12/31,4,,EARTH STAGE,2016
the HIATUS,12/31,4,,EARTH STAGE,2016
きゃりーぱみゅぱみゅ,12/31,4,,EARTH STAGE,2016
NICO Touches the Walls,12/31,4,,EARTH STAGE,2016
エレファントカシマシ,12/31,4,,EARTH STAGE,2016
UVERworld,12/31,4,/wiki/UVERworld,EARTH STAGE,2016
RADWIMPS,12/31,4,,EARTH STAGE,2016
THE YELLOW MONKEY,12/31,4,/wiki/THE_YELLOW_MONKEY,EARTH STAGE,2016
THE BACK HORN,12/31,4,,GALAXY STAGE,2016
チャットモンチー,12/31,4,,GALAXY STAGE,2016
HEY-SMITH,12/31,4,,GALAXY STAGE,2016
Base Ball Bear,12/31,4,,GALAXY STAGE,2016
THE BAWDIES,12/31,4,,GALAXY STAGE,2016
9mm Parabellum Bullet,12/31,4,,GALAXY STAGE,2016
夜の本気ダンス,12/31,4,,GALAXY STAGE,2016
SCANDAL,12/31,4,,GALAXY STAGE,2016
androp,12/31,4,,GALAXY STAGE,2016
coldrain,12/31,4,,GALAXY STAGE,2016
SPECIAL OTHERS,12/31,4,,GALAXY STAGE,2016
HY,12/31,4,,GALAXY STAGE,2016
LAMP IN TERREN,12/31,4,,COSMO STAGE,2016
イトヲカシ,12/31,4,/wiki/%E3%82%A4%E3%83%88%E3%83%B2%E3%82%AB%E3%82%B7,COSMO STAGE,2016
ヒトリエ,12/31,4,,COSMO STAGE,2016
plenty,12/31,4,,COSMO STAGE,2016
Crystal Lake,12/31,4,/wiki/Crystal_Lake,COSMO STAGE,2016
AA=,12/31,4,,COSMO STAGE,2016
井上苑子,12/31,4,,COSMO STAGE,2016
ねごと,12/31,4,,COSMO STAGE,2016
忘れらんねえよ,12/31,4,,COSMO STAGE,2016
Dizzy sunfist,12/31,4,/w/index.php?title=Dizzy_sunfist&action=edit&redlink=1,COSMO STAGE,2016
東京カランコロン,12/31,4,,COSMO STAGE,2016
ドラマチックアラスカ,12/31,4,,COSMO STAGE,2016
dustbox,12/31,4,,COSMO STAGE,2016
ココロオークション,12/31,4,/wiki/%E3%82%B3%E3%82%B3%E3%83%AD%E3%82%AA%E3%83%BC%E3%82%AF%E3%82%B7%E3%83%A7%E3%83%B3,MOON STAGE,2016
パノラマパナマタウン,12/31,4,/wiki/%E3%83%91%E3%83%8E%E3%83%A9%E3%83%9E%E3%83%91%E3%83%8A%E3%83%9E%E3%82%BF%E3%82%A6%E3%83%B3,MOON STAGE,2016
麗蘭,12/31,4,,MOON STAGE,2016
め組,12/31,4,,MOON STAGE,2016
THE STARBEMS,12/31,4,,MOON STAGE,2016
G-FREAK FACTORY,12/31,4,,MOON STAGE,2016
SHE'S,12/31,4,/wiki/SHE%27S,MOON STAGE,2016
Shout it Out,12/31,4,/wiki/Shout_it_Out,MOON STAGE,2016
KNOCK OUT MONKEY,12/31,4,,MOON STAGE,2016
ザ50回転ズ,12/31,4,,MOON STAGE,2016
Goodbye holiday,12/31,4,/wiki/Goodbye_holiday,MOON STAGE,2016
LACCO TOWER,12/31,4,,MOON STAGE,2016
Rhythmic Toy World,12/31,4,,MOON STAGE,2016
DJ和[DJ],12/31,4,,ASTRO ARENA,2016
TEMPURA KIDZ,12/31,4,,ASTRO ARENA,2016
Gacharic Spin,12/31,4,,ASTRO ARENA,2016
BRADIO,12/31,4,,ASTRO ARENA,2016
渚カヲル(グループ魂),12/31,4,,ASTRO ARENA,2016
CAPSULE,12/31,4,,ASTRO ARENA,2016
植田真梨恵,12/31,4,,ASTRO ARENA,2016
a crowd of rebellion,12/31,4,,ASTRO ARENA,2016
ハヤシヒロユキ(POLYSICS)[DJ],12/31,4,,ASTRO ARENA,2016
DJやついいちろう(エレキコミック)[DJ],12/31,4,,ASTRO ARENA,2016
打首獄門同好会,12/31,4,/wiki/%E6%89%93%E9%A6%96%E7%8D%84%E9%96%80%E5%90%8C%E5%A5%BD%E4%BC%9A,ASTRO ARENA,2016
NUBO,12/31,4,,ASTRO ARENA,2016
banvox[DJ],12/31,4,,ASTRO ARENA,2016
DJライブキッズあるあるの中の人[DJ],12/31,4,,ASTRO ARENA,2016
欅坂46,12/28,1,,EARTH STAGE,2017
KEYTALK,12/28,1,,EARTH STAGE,2017
miwa,12/28,1,,EARTH STAGE,2017
KICK THE CAN CREW,12/28,1,/wiki/KICK_THE_CAN_CREW,EARTH STAGE,2017
KANA-BOON,12/28,1,,EARTH STAGE,2017
WANIMA,12/28,1,,EARTH STAGE,2017
ASIAN KUNG-FU GENERATION,12/28,1,,EARTH STAGE,2017
androp,12/28,1,,GALAXY STAGE,2017
Silent Siren,12/28,1,,GALAXY STAGE,2017
ROTTENGRAFFTY,12/28,1,,GALAXY STAGE,2017
LiSA,12/28,1,,GALAXY STAGE,2017
スキマスイッチ,12/28,1,,GALAXY STAGE,2017
Aimer,12/28,1,,GALAXY STAGE,2017
Aqua Timez,12/28,1,,GALAXY STAGE,2017
sumika,12/28,1,,GALAXY STAGE,2017
amazarashi,12/28,1,,COSMO STAGE,2017
SHANK,12/28,1,,COSMO STAGE,2017
SKY-HI & THE SUPER FLYERS,12/28,1,,COSMO STAGE,2017
SPECIAL OTHERS,12/28,1,,COSMO STAGE,2017
さユり,12/28,1,,COSMO STAGE,2017
私立恵比寿中学,12/28,1,/wiki/%E7%A7%81%E7%AB%8B%E6%81%B5%E6%AF%94%E5%AF%BF%E4%B8%AD%E5%AD%A6,COSMO STAGE,2017
Czecho No Republic,12/28,1,,COSMO STAGE,2017
藤原さくら,12/28,1,,COSMO STAGE,2017
フレンズ,12/28,1,,MOON STAGE,2017
伊東歌詞太郎,12/28,1,/wiki/%E4%BC%8A%E6%9D%B1%E6%AD%8C%E8%A9%9E%E5%A4%AA%E9%83%8E,MOON STAGE,2017
COUNTRY YARD,12/28,1,/w/index.php?title=COUNTRY_YARD&action=edit&redlink=1,MOON STAGE,2017
Gotch & The Good New Times,12/28,1,,MOON STAGE,2017
CIVILIAN,12/28,1,/wiki/CIVILIAN,MOON STAGE,2017
PUNPEE,12/28,1,/wiki/PUNPEE,MOON STAGE,2017
あゆみくりかまき,12/28,1,,MOON STAGE,2017
Little Glee Monster,12/28,1,,MOON STAGE,2017
DJ和[DJ],12/28,1,,ASTRO ARENA,2017
fripSide,12/28,1,,ASTRO ARENA,2017
チームしゃちほこ,12/28,1,,ASTRO ARENA,2017
焚吐,12/28,1,/wiki/%E7%84%9A%E5%90%90,ASTRO ARENA,2017
黒猫チェルシー,12/28,1,,ASTRO ARENA,2017
Rhythmic Toy World,12/28,1,,ASTRO ARENA,2017
天月-あまつき-,12/28,1,/wiki/%E5%A4%A9%E6%9C%88-%E3%81%82%E3%81%BE%E3%81%A4%E3%81%8D-,ASTRO ARENA,2017
スガシカオ,12/28,1,,ASTRO ARENA,2017
NGT48[SPECIAL ACT],12/28,1,/wiki/NGT48,ASTRO ARENA,2017
CHAI,12/28,1,/w/index.php?title=CHAI&action=edit&redlink=1,ASTRO ARENA,2017
DJやついいちろう(エレキコミック)[DJ],12/28,1,,ASTRO ARENA,2017
エレファントカシマシ,12/29,2,,EARTH STAGE,2017
ゴールデンボンバー,12/29,2,,EARTH STAGE,2017
きゃりーぱみゅぱみゅ,12/29,2,,EARTH STAGE,2017
東京スカパラダイスオーケストラ,12/29,2,,EARTH STAGE,2017
マキシマム ザ ホルモン,12/29,2,,EARTH STAGE,2017
the HIATUS,12/29,2,,EARTH STAGE,2017
10-FEET,12/29,2,,EARTH STAGE,2017
グループ魂,12/29,2,,GALAXY STAGE,2017
木村カエラ,12/29,2,,GALAXY STAGE,2017
フレデリック,12/29,2,,GALAXY STAGE,2017
"Fear, and Loathing in Las Vegas",12/29,2,"/wiki/Fear,_and_Loathing_in_Las_Vegas",GALAXY STAGE,2017
go!go!vanillas,12/29,2,,GALAXY STAGE,2017
Mrs. GREEN APPLE,12/29,2,,GALAXY STAGE,2017
SCANDAL,12/29,2,,GALAXY STAGE,2017
岡崎体育,12/29,2,,GALAXY STAGE,2017
ポルカドットスティングレイ,12/29,2,/wiki/%E3%83%9D%E3%83%AB%E3%82%AB%E3%83%89%E3%83%83%E3%83%88%E3%82%B9%E3%83%86%E3%82%A3%E3%83%B3%E3%82%B0%E3%83%AC%E3%82%A4,COSMO STAGE,2017
GOOD4NOTHING,12/29,2,,COSMO STAGE,2017
locofrank,12/29,2,,COSMO STAGE,2017
ZAZEN BOYS,12/29,2,,COSMO STAGE,2017
MUCC,12/29,2,,COSMO STAGE,2017
大森靖子,12/29,2,,COSMO STAGE,2017
the GazettE,12/29,2,,COSMO STAGE,2017
忘れらんねえよ,12/29,2,,COSMO STAGE,2017
lvy to Fraudulent Game,12/29,2,/w/index.php?title=Lvy_to_Fraudulent_Game&action=edit&redlink=1,MOON STAGE,2017
佐野元春 and THE COYOTE BAND,12/29,2,,MOON STAGE,2017
バンドハラスメント,12/29,2,/w/index.php?title=%E3%83%90%E3%83%B3%E3%83%89%E3%83%8F%E3%83%A9%E3%82%B9%E3%83%A1%E3%83%B3%E3%83%88&action=edit&redlink=1,MOON STAGE,2017
ASH DE HERO,12/29,2,/w/index.php?title=ASH_DE_HERO&action=edit&redlink=1,MOON STAGE,2017
NUBO,12/29,2,,MOON STAGE,2017
MOSHIMO,12/29,2,/wiki/MOSHIMO,MOON STAGE,2017
Shiggy jr.,12/29,2,,MOON STAGE,2017
Shout it Out,12/29,2,,MOON STAGE,2017
出口博之(モノブライト)[DJ],12/29,2,,ASTRO ARENA,2017
三戸なつめ,12/29,2,,ASTRO ARENA,2017
BRADIO,12/29,2,,ASTRO ARENA,2017
Awesome City Club,12/29,2,,ASTRO ARENA,2017
ヒトリエ,12/29,2,,ASTRO ARENA,2017
アンジュルム,12/29,2,/wiki/%E3%82%A2%E3%83%B3%E3%82%B8%E3%83%A5%E3%83%AB%E3%83%A0,ASTRO ARENA,2017
竹原ピストル,12/29,2,,ASTRO ARENA,2017
CAPSULE,12/29,2,,ASTRO ARENA,2017
タナシンドローム[DJ],12/29,2,,ASTRO ARENA,2017
ゲスの極み乙女。,12/30,3,,EARTH STAGE,2017
NICO Touches the Walls,12/30,3,,EARTH STAGE,2017
THE ORAL CIGARETTES,12/30,3,,EARTH STAGE,2017
KREVA,12/30,3,,EARTH STAGE,2017
凛として時雨,12/30,3,,EARTH STAGE,2017
MAN WITH A MISSION,12/30,3,,EARTH STAGE,2017
back number,12/30,3,,EARTH STAGE,2017
9mm Parabellum Bullet,12/30,3,,GALAXY STAGE,2017
TOTALFAT,12/30,3,,GALAXY STAGE,2017
THE BACK HORN,12/30,3,,GALAXY STAGE,2017
BIGMAMA,12/30,3,,GALAXY STAGE,2017
Base Ball Bear,12/30,3,,GALAXY STAGE,2017
THE BAWDIES,12/30,3,,GALAXY STAGE,2017
フジファブリック,12/30,3,,GALAXY STAGE,2017
夜の本気ダンス,12/30,3,,GALAXY STAGE,2017
Creepy Nuts,12/30,3,/wiki/Creepy_Nuts,COSMO STAGE,2017
never young berch,12/30,3,,COSMO STAGE,2017
dustbox,12/30,3,,COSMO STAGE,2017
OKAMOTO'S,12/30,3,,COSMO STAGE,2017
おいしくるメロンパン,12/30,3,,COSMO STAGE,2017
indigo la End,12/30,3,,COSMO STAGE,2017
アルカラ,12/30,3,,COSMO STAGE,2017
阿部真央,12/30,3,,COSMO STAGE,2017
SHE'S,12/30,3,,MOON STAGE,2017
Nulbarich,12/30,3,/wiki/Nulbarich,MOON STAGE,2017
Yogee New Waves,12/30,3,/wiki/Yogee_New_Waves,MOON STAGE,2017
LAMP IN TERREN,12/30,3,,MOON STAGE,2017
め組,12/30,3,,MOON STAGE,2017
パノラマパナマタウン,12/30,3,,MOON STAGE,2017
雨のパレード,12/30,3,,MOON STAGE,2017
Crystal Lake,12/30,3,,MOON STAGE,2017
DJ'TEKINA//SOMETHING a.k.a ゆよゆっぺ[DJ],12/30,3,,ASTRO ARENA,2017
NakamuraEmi,12/30,3,/wiki/NakamuraEmi,ASTRO ARENA,2017
OLDCODEX,12/30,3,,ASTRO ARENA,2017
きのこ帝国,12/30,3,,ASTRO ARENA,2017
Dizzy sunfist,12/30,3,,ASTRO ARENA,2017
ホフディラン,12/30,3,/wiki/%E3%83%9B%E3%83%95%E3%83%87%E3%82%A3%E3%83%A9%E3%83%B3,ASTRO ARENA,2017
Takaryu[DJ],12/30,3,,ASTRO ARENA,2017
DAOKO,12/30,3,,ASTRO ARENA,2017
てんぷらDJアゲまさ a.k.a.小野武正(KEYTALK)[DJ],12/30,3,,ASTRO ARENA,2017
クリープハイプ,12/31,4,,EARTH STAGE,2017
キュウソネコカミ,12/31,4,,EARTH STAGE,2017
MY FIRST STORY,12/31,4,,EARTH STAGE,2017
04 Limited Sazabys,12/31,4,,EARTH STAGE,2017
BLUE ENCOUNT,12/31,4,,EARTH STAGE,2017
サンボマスター,12/31,4,,EARTH STAGE,2017
[Alexandros],12/31,4,,EARTH STAGE,2017
氣志團,12/31,4,,EARTH STAGE,2017
Nothing's Carved In Stone,12/31,4,,GALAXY STAGE,2017
MONOEYES,12/31,4,,GALAXY STAGE,2017
ACIDMAN,12/31,4,,GALAXY STAGE,2017
感覚ピエロ,12/31,4,,GALAXY STAGE,2017
ストレイテナー,12/31,4,,GALAXY STAGE,2017
でんぱ組.inc,12/31,4,,GALAXY STAGE,2017
HEY-SMITH,12/31,4,,GALAXY STAGE,2017
ヤバイTシャツ屋さん,12/31,4,,GALAXY STAGE,2017
グッドモーニングアメリカ,12/31,4,,GALAXY STAGE,2017
the band apart,12/31,4,,GALAXY STAGE,2017
FLOWER FLOWER,12/31,4,,GALAXY STAGE,2017
打首獄門同好会,12/31,4,,GALAXY STAGE,2017
神様、僕は気づいてしまった,12/31,4,/wiki/%E7%A5%9E%E6%A7%98%E3%80%81%E5%83%95%E3%81%AF%E6%B0%97%E3%81%A5%E3%81%84%E3%81%A6%E3%81%97%E3%81%BE%E3%81%A3%E3%81%9F,COSMO STAGE,2017
yonige,12/31,4,,COSMO STAGE,2017
175R,12/31,4,,COSMO STAGE,2017
POLYSICS,12/31,4,,COSMO STAGE,2017
Yap!!!,12/31,4,/w/index.php?title=Yap!!!&action=edit&redlink=1,COSMO STAGE,2017
tacica,12/31,4,,COSMO STAGE,2017
GLIM SPANKY,12/31,4,,COSMO STAGE,2017
ねごと,12/31,4,,COSMO STAGE,2017
SUPER BEAVER,12/31,4,,COSMO STAGE,2017
空想委員会,12/31,4,,COSMO STAGE,2017
The Mirraz,12/31,4,,COSMO STAGE,2017
SWANKY DANK,12/31,4,,COSMO STAGE,2017
ビッケブランカ,12/31,4,/wiki/%E3%83%93%E3%83%83%E3%82%B1%E3%83%96%E3%83%A9%E3%83%B3%E3%82%AB,COSMO STAGE,2017
麗蘭,12/31,4,,MOON STAGE,2017
G-FREAK FACTORY,12/31,4,,MOON STAGE,2017
宇宙まお,12/31,4,,MOON STAGE,2017
魔法少女になり隊,12/31,4,,MOON STAGE,2017
YAJIKO GIRL,12/31,4,/w/index.php?title=YAJIKO_GIRL&action=edit&redlink=1,MOON STAGE,2017
teto,12/31,4,/wiki/Teto,MOON STAGE,2017
ENTH,12/31,4,/wiki/ENTH,MOON STAGE,2017
Saucy Dog,12/31,4,/w/index.php?title=Saucy_Dog&action=edit&redlink=1,MOON STAGE,2017
マキタスポーツ,12/31,4,,MOON STAGE,2017
ココロオークション,12/31,4,,MOON STAGE,2017
アカシック,12/31,4,/wiki/%E3%82%A2%E3%82%AB%E3%82%B7%E3%83%83%E3%82%AF,MOON STAGE,2017
Official髭男dism,12/31,4,/wiki/Official%E9%AB%AD%E7%94%B7dism,MOON STAGE,2017
Xmas Eileen,12/31,4,/w/index.php?title=Xmas_Eileen&action=edit&redlink=1,MOON STAGE,2017
DJピエール中野[DJ],12/31,4,,ASTRO ARENA,2017
Bentham,12/31,4,,ASTRO ARENA,2017
東京カランコロン,12/31,4,,ASTRO ARENA,2017
"SOIL & ""PIMP"" SESSIONS",12/31,4,,ASTRO ARENA,2017
パスピエ,12/31,4,,ASTRO ARENA,2017
上白石萌音,12/31,4,,ASTRO ARENA,2017
ReVision of Sence,12/31,4,/wiki/ReVision_of_Sence,ASTRO ARENA,2017
あいみょん,12/31,4,/wiki/%E3%81%82%E3%81%84%E3%81%BF%E3%82%87%E3%82%93,ASTRO ARENA,2017
シシド・カフカ,12/31,4,,ASTRO ARENA,2017
DJダイノジ[DJ],12/31,4,,ASTRO ARENA,2017
電波少女,12/31,4,/wiki/%E9%9B%BB%E6%B3%A2%E5%B0%91%E5%A5%B3,ASTRO ARENA,2017
Survive Said The Prophet,12/31,4,/wiki/Survive_Said_The_Prophet,ASTRO ARENA,2017
DJライブキッズあるあるの中の人[DJ],12/31,4,,ASTRO ARENA,2017
柴田隆浩(忘れらんねえよ)[DJ],12/31,4,,ASTRO ARENA,2017
